STI,Year,Sex,Age Range,State,County,State FIPS,County FIPS,Rate,Rate Category
Primary and secondary syphilis,2023,Female,15–44,Alabama,Autauga County,01,001,102.1,>4.6
Primary and secondary syphilis,2023,Female,15–44,Alabama,Baldwin County,01,003,22.9,>4.6
Primary and secondary syphilis,2023,Female,15–44,Alabama,Barbour County,01,005,52.5,>4.6
Primary and secondary syphilis,2023,Female,15–44,Alabama,Bibb County,01,007,27.9,>4.6
Primary and secondary syphilis,2023,Female,15–44,Alabama,Blount County,01,009,0.0,≤4.6
Primary and secondary syphilis,2023,Female,15–44,Alabama,Bullock County,01,011,0.0,≤4.6
Primary and secondary syphilis,2023,Female,15–44,Alabama,Butler County,01,013,89.2,>4.6
Primary and secondary syphilis,2023,Female,15–44,Alabama,Calhoun County,01,015,12.9,>4.6
Primary and secondary syphilis,2023,Female,15–44,Alabama,Chambers County,01,017,16.2,>4.6
Primary and secondary syphilis,2023,Female,15–44,Alabama,Cherokee County,01,019,0.0,≤4.6
Primary and secondary syphilis,2023,Female,15–44,Alabama,Chilton County,01,021,0.0,≤4.6
Primary and secondary syphilis,2023,Female,15–44,Alabama,Choctaw County,01,023,101.7,>4.6
Primary and secondary syphilis,2023,Female,15–44,Alabama,Clarke County,01,025,98.9,>4.6
Primary and secondary syphilis,2023,Female,15–44,Alabama,Clay County,01,027,0.0,≤4.6
Primary and secondary syphilis,2023,Female,15–44,Alabama,Cleburne County,01,029,0.0,≤4.6
Primary and secondary syphilis,2023,Female,15–44,Alabama,Coffee County,01,031,19.3,>4.6
Primary and secondary syphilis,2023,Female,15–44,Alabama,Colbert County,01,033,28.2,>4.6
Primary and secondary syphilis,2023,Female,15–44,Alabama,Conecuh County,01,035,55.3,>4.6
Primary and secondary syphilis,2023,Female,15–44,Alabama,Coosa County,01,037,68.3,>4.6
Primary and secondary syphilis,2023,Female,15–44,Alabama,Covington County,01,039,166.1,>4.6
Primary and secondary syphilis,2023,Female,15–44,Alabama,Crenshaw County,01,041,126.9,>4.6
Primary and secondary syphilis,2023,Female,15–44,Alabama,Cullman County,01,043,6.1,>4.6
Primary and secondary syphilis,2023,Female,15–44,Alabama,Dale County,01,045,126.9,>4.6
Primary and secondary syphilis,2023,Female,15–44,Alabama,Dallas County,01,047,149.1,>4.6
Primary and secondary syphilis,2023,Female,15–44,Alabama,DeKalb County,01,049,7.6,>4.6
Primary and secondary syphilis,2023,Female,15–44,Alabama,Elmore County,01,051,22.3,>4.6
Primary and secondary syphilis,2023,Female,15–44,Alabama,Escambia County,01,053,77.5,>4.6
Primary and secondary syphilis,2023,Female,15–44,Alabama,Etowah County,01,055,15.9,>4.6
Primary and secondary syphilis,2023,Female,15–44,Alabama,Fayette County,01,057,0.0,≤4.6
Primary and secondary syphilis,2023,Female,15–44,Alabama,Franklin County,01,059,35.5,>4.6
Primary and secondary syphilis,2023,Female,15–44,Alabama,Geneva County,01,061,85.4,>4.6
Primary and secondary syphilis,2023,Female,15–44,Alabama,Greene County,01,063,164.1,>4.6
Primary and secondary syphilis,2023,Female,15–44,Alabama,Hale County,01,065,71.0,>4.6
Primary and secondary syphilis,2023,Female,15–44,Alabama,Henry County,01,067,0.0,≤4.6
Primary and secondary syphilis,2023,Female,15–44,Alabama,Houston County,01,069,58.4,>4.6
Primary and secondary syphilis,2023,Female,15–44,Alabama,Jackson County,01,071,21.7,>4.6
Primary and secondary syphilis,2023,Female,15–44,Alabama,Jefferson County,01,073,40.9,>4.6
Primary and secondary syphilis,2023,Female,15–44,Alabama,Lamar County,01,075,0.0,≤4.6
Primary and secondary syphilis,2023,Female,15–44,Alabama,Lauderdale County,01,077,20.4,>4.6
Primary and secondary syphilis,2023,Female,15–44,Alabama,Lawrence County,01,079,0.0,≤4.6
Primary and secondary syphilis,2023,Female,15–44,Alabama,Lee County,01,081,28.3,>4.6
Primary and secondary syphilis,2023,Female,15–44,Alabama,Limestone County,01,083,42.0,>4.6
Primary and secondary syphilis,2023,Female,15–44,Alabama,Lowndes County,01,085,175.7,>4.6
Primary and secondary syphilis,2023,Female,15–44,Alabama,Macon County,01,087,24.1,>4.6
Primary and secondary syphilis,2023,Female,15–44,Alabama,Madison County,01,089,19.1,>4.6
Primary and secondary syphilis,2023,Female,15–44,Alabama,Marengo County,01,091,148.2,>4.6
Primary and secondary syphilis,2023,Female,15–44,Alabama,Marion County,01,093,20.4,>4.6
Primary and secondary syphilis,2023,Female,15–44,Alabama,Marshall County,01,095,44.1,>4.6
Primary and secondary syphilis,2023,Female,15–44,Alabama,Mobile County,01,097,91.6,>4.6
Primary and secondary syphilis,2023,Female,15–44,Alabama,Monroe County,01,099,0.0,≤4.6
Primary and secondary syphilis,2023,Female,15–44,Alabama,Montgomery County,01,101,108.7,>4.6
Primary and secondary syphilis,2023,Female,15–44,Alabama,Morgan County,01,103,13.3,>4.6
Primary and secondary syphilis,2023,Female,15–44,Alabama,Perry County,01,105,0.0,≤4.6
Primary and secondary syphilis,2023,Female,15–44,Alabama,Pickens County,01,107,30.6,>4.6
Primary and secondary syphilis,2023,Female,15–44,Alabama,Pike County,01,109,36.8,>4.6
Primary and secondary syphilis,2023,Female,15–44,Alabama,Randolph County,01,111,25.4,>4.6
Primary and secondary syphilis,2023,Female,15–44,Alabama,Russell County,01,113,109.2,>4.6
Primary and secondary syphilis,2023,Female,15–44,Alabama,St. Clair County,01,115,5.7,>4.6
Primary and secondary syphilis,2023,Female,15–44,Alabama,Shelby County,01,117,4.4,≤4.6
Primary and secondary syphilis,2023,Female,15–44,Alabama,Sumter County,01,119,37.7,>4.6
Primary and secondary syphilis,2023,Female,15–44,Alabama,Talladega County,01,121,13.3,>4.6
Primary and secondary syphilis,2023,Female,15–44,Alabama,Tallapoosa County,01,123,15.1,>4.6
Primary and secondary syphilis,2023,Female,15–44,Alabama,Tuscaloosa County,01,125,22.5,>4.6
Primary and secondary syphilis,2023,Female,15–44,Alabama,Walker County,01,127,17.7,>4.6
Primary and secondary syphilis,2023,Female,15–44,Alabama,Washington County,01,129,0.0,≤4.6
Primary and secondary syphilis,2023,Female,15–44,Alabama,Wilcox County,01,131,58.2,>4.6
Primary and secondary syphilis,2023,Female,15–44,Alabama,Winston County,01,133,0.0,≤4.6
Primary and secondary syphilis,2023,Female,15–44,Alaska,Aleutians East Borough,02,013,0.0,≤4.6
Primary and secondary syphilis,2023,Female,15–44,Alaska,Aleutians West Census Area,02,016,0.0,≤4.6
Primary and secondary syphilis,2023,Female,15–44,Alaska,Anchorage Municipality,02,020,56.1,>4.6
Primary and secondary syphilis,2023,Female,15–44,Alaska,Bethel Census Area,02,050,27.3,>4.6
Primary and secondary syphilis,2023,Female,15–44,Alaska,Bristol Bay Borough,02,060,0.0,≤4.6
Primary and secondary syphilis,2023,Female,15–44,Alaska,Chugach Census Area,02,063,0.0,≤4.6
Primary and secondary syphilis,2023,Female,15–44,Alaska,Copper River Census Area,02,066,0.0,≤4.6
Primary and secondary syphilis,2023,Female,15–44,Alaska,Denali Borough,02,068,0.0,≤4.6
Primary and secondary syphilis,2023,Female,15–44,Alaska,Dillingham Census Area,02,070,0.0,≤4.6
Primary and secondary syphilis,2023,Female,15–44,Alaska,Fairbanks North Star Borough,02,090,76.9,>4.6
Primary and secondary syphilis,2023,Female,15–44,Alaska,Haines Borough,02,100,0.0,≤4.6
Primary and secondary syphilis,2023,Female,15–44,Alaska,Hoonah-Angoon Census Area,02,105,0.0,≤4.6
Primary and secondary syphilis,2023,Female,15–44,Alaska,Juneau City and Borough,02,110,0.0,≤4.6
Primary and secondary syphilis,2023,Female,15–44,Alaska,Kenai Peninsula Borough,02,122,9.5,>4.6
Primary and secondary syphilis,2023,Female,15–44,Alaska,Ketchikan Gateway Borough,02,130,0.0,≤4.6
Primary and secondary syphilis,2023,Female,15–44,Alaska,Kodiak Island Borough,02,150,0.0,≤4.6
Primary and secondary syphilis,2023,Female,15–44,Alaska,Kusilvak Census Area,02,158,0.0,≤4.6
Primary and secondary syphilis,2023,Female,15–44,Alaska,Lake and Peninsula Borough,02,164,0.0,≤4.6
Primary and secondary syphilis,2023,Female,15–44,Alaska,Matanuska-Susitna Borough,02,170,0.0,≤4.6
Primary and secondary syphilis,2023,Female,15–44,Alaska,Nome Census Area,02,180,0.0,≤4.6
Primary and secondary syphilis,2023,Female,15–44,Alaska,North Slope Borough,02,185,186.3,>4.6
Primary and secondary syphilis,2023,Female,15–44,Alaska,Northwest Arctic Borough,02,188,145.9,>4.6
Primary and secondary syphilis,2023,Female,15–44,Alaska,Petersburg Borough,02,195,0.0,≤4.6
Primary and secondary syphilis,2023,Female,15–44,Alaska,Prince of Wales-Hyder Census Area,02,198,0.0,≤4.6
Primary and secondary syphilis,2023,Female,15–44,Alaska,Sitka City and Borough,02,220,0.0,≤4.6
Primary and secondary syphilis,2023,Female,15–44,Alaska,Skagway Municipality,02,230,0.0,≤4.6
Primary and secondary syphilis,2023,Female,15–44,Alaska,Southeast Fairbanks Census Area,02,240,0.0,≤4.6
Primary and secondary syphilis,2023,Female,15–44,Alaska,Wrangell City and Borough,02,275,0.0,≤4.6
Primary and secondary syphilis,2023,Female,15–44,Alaska,Yakutat City and Borough,02,282,0.0,≤4.6
Primary and secondary syphilis,2023,Female,15–44,Alaska,Yukon-Koyukuk Census Area,02,290,123.2,>4.6
Primary and secondary syphilis,2023,Female,15–44,Arizona,Apache County,04,001,252.3,>4.6
Primary and secondary syphilis,2023,Female,15–44,Arizona,Cochise County,04,003,4.9,>4.6
Primary and secondary syphilis,2023,Female,15–44,Arizona,Coconino County,04,005,19.5,>4.6
Primary and secondary syphilis,2023,Female,15–44,Arizona,Gila County,04,007,52.3,>4.6
Primary and secondary syphilis,2023,Female,15–44,Arizona,Graham County,04,009,95.7,>4.6
Primary and secondary syphilis,2023,Female,15–44,Arizona,Greenlee County,04,011,0.0,≤4.6
Primary and secondary syphilis,2023,Female,15–44,Arizona,La Paz County,04,012,100.7,>4.6
Primary and secondary syphilis,2023,Female,15–44,Arizona,Maricopa County,04,013,24.3,>4.6
Primary and secondary syphilis,2023,Female,15–44,Arizona,Mohave County,04,015,36.5,>4.6
Primary and secondary syphilis,2023,Female,15–44,Arizona,Navajo County,04,017,78.6,>4.6
Primary and secondary syphilis,2023,Female,15–44,Arizona,Pima County,04,019,29.4,>4.6
Primary and secondary syphilis,2023,Female,15–44,Arizona,Pinal County,04,021,7.1,>4.6
Primary and secondary syphilis,2023,Female,15–44,Arizona,Santa Cruz County,04,023,0.0,≤4.6
Primary and secondary syphilis,2023,Female,15–44,Arizona,Yavapai County,04,025,3.0,≤4.6
Primary and secondary syphilis,2023,Female,15–44,Arizona,Yuma County,04,027,20.8,>4.6
Primary and secondary syphilis,2023,Female,15–44,Arkansas,Arkansas County,05,001,0.0,≤4.6
Primary and secondary syphilis,2023,Female,15–44,Arkansas,Ashley County,05,003,97.7,>4.6
Primary and secondary syphilis,2023,Female,15–44,Arkansas,Baxter County,05,005,0.0,≤4.6
Primary and secondary syphilis,2023,Female,15–44,Arkansas,Benton County,05,007,6.2,>4.6
Primary and secondary syphilis,2023,Female,15–44,Arkansas,Boone County,05,009,15.0,>4.6
Primary and secondary syphilis,2023,Female,15–44,Arkansas,Bradley County,05,011,55.7,>4.6
Primary and secondary syphilis,2023,Female,15–44,Arkansas,Calhoun County,05,013,0.0,≤4.6
Primary and secondary syphilis,2023,Female,15–44,Arkansas,Carroll County,05,015,22.2,>4.6
Primary and secondary syphilis,2023,Female,15–44,Arkansas,Chicot County,05,017,72.4,>4.6
Primary and secondary syphilis,2023,Female,15–44,Arkansas,Clark County,05,019,118.3,>4.6
Primary and secondary syphilis,2023,Female,15–44,Arkansas,Clay County,05,021,0.0,≤4.6
Primary and secondary syphilis,2023,Female,15–44,Arkansas,Cleburne County,05,023,53.1,>4.6
Primary and secondary syphilis,2023,Female,15–44,Arkansas,Cleveland County,05,025,0.0,≤4.6
Primary and secondary syphilis,2023,Female,15–44,Arkansas,Columbia County,05,027,84.2,>4.6
Primary and secondary syphilis,2023,Female,15–44,Arkansas,Conway County,05,029,109.3,>4.6
Primary and secondary syphilis,2023,Female,15–44,Arkansas,Craighead County,05,031,24.0,>4.6
Primary and secondary syphilis,2023,Female,15–44,Arkansas,Crawford County,05,033,77.9,>4.6
Primary and secondary syphilis,2023,Female,15–44,Arkansas,Crittenden County,05,035,20.9,>4.6
Primary and secondary syphilis,2023,Female,15–44,Arkansas,Cross County,05,037,33.3,>4.6
Primary and secondary syphilis,2023,Female,15–44,Arkansas,Dallas County,05,039,100.5,>4.6
Primary and secondary syphilis,2023,Female,15–44,Arkansas,Desha County,05,041,0.0,≤4.6
Primary and secondary syphilis,2023,Female,15–44,Arkansas,Drew County,05,043,59.1,>4.6
Primary and secondary syphilis,2023,Female,15–44,Arkansas,Faulkner County,05,045,29.6,>4.6
Primary and secondary syphilis,2023,Female,15–44,Arkansas,Franklin County,05,047,99.5,>4.6
Primary and secondary syphilis,2023,Female,15–44,Arkansas,Fulton County,05,049,52.5,>4.6
Primary and secondary syphilis,2023,Female,15–44,Arkansas,Garland County,05,051,125.8,>4.6
Primary and secondary syphilis,2023,Female,15–44,Arkansas,Grant County,05,053,30.1,>4.6
Primary and secondary syphilis,2023,Female,15–44,Arkansas,Greene County,05,055,77.9,>4.6
Primary and secondary syphilis,2023,Female,15–44,Arkansas,Hempstead County,05,057,29.1,>4.6
Primary and secondary syphilis,2023,Female,15–44,Arkansas,Hot Spring County,05,059,148.3,>4.6
Primary and secondary syphilis,2023,Female,15–44,Arkansas,Howard County,05,061,0.0,≤4.6
Primary and secondary syphilis,2023,Female,15–44,Arkansas,Independence County,05,063,14.0,>4.6
Primary and secondary syphilis,2023,Female,15–44,Arkansas,Izard County,05,065,0.0,≤4.6
Primary and secondary syphilis,2023,Female,15–44,Arkansas,Jackson County,05,067,92.6,>4.6
Primary and secondary syphilis,2023,Female,15–44,Arkansas,Jefferson County,05,069,75.9,>4.6
Primary and secondary syphilis,2023,Female,15–44,Arkansas,Johnson County,05,071,40.7,>4.6
Primary and secondary syphilis,2023,Female,15–44,Arkansas,Lafayette County,05,073,0.0,≤4.6
Primary and secondary syphilis,2023,Female,15–44,Arkansas,Lawrence County,05,075,68.3,>4.6
Primary and secondary syphilis,2023,Female,15–44,Arkansas,Lee County,05,077,189.4,>4.6
Primary and secondary syphilis,2023,Female,15–44,Arkansas,Lincoln County,05,079,64.7,>4.6
Primary and secondary syphilis,2023,Female,15–44,Arkansas,Little River County,05,081,50.3,>4.6
Primary and secondary syphilis,2023,Female,15–44,Arkansas,Logan County,05,083,56.0,>4.6
Primary and secondary syphilis,2023,Female,15–44,Arkansas,Lonoke County,05,085,19.9,>4.6
Primary and secondary syphilis,2023,Female,15–44,Arkansas,Madison County,05,087,0.0,≤4.6
Primary and secondary syphilis,2023,Female,15–44,Arkansas,Marion County,05,089,41.3,>4.6
Primary and secondary syphilis,2023,Female,15–44,Arkansas,Miller County,05,091,115.5,>4.6
Primary and secondary syphilis,2023,Female,15–44,Arkansas,Mississippi County,05,093,286.1,>4.6
Primary and secondary syphilis,2023,Female,15–44,Arkansas,Monroe County,05,095,96.2,>4.6
Primary and secondary syphilis,2023,Female,15–44,Arkansas,Montgomery County,05,097,0.0,≤4.6
Primary and secondary syphilis,2023,Female,15–44,Arkansas,Nevada County,05,099,0.0,≤4.6
Primary and secondary syphilis,2023,Female,15–44,Arkansas,Newton County,05,101,0.0,≤4.6
Primary and secondary syphilis,2023,Female,15–44,Arkansas,Ouachita County,05,103,296.2,>4.6
Primary and secondary syphilis,2023,Female,15–44,Arkansas,Perry County,05,105,60.5,>4.6
Primary and secondary syphilis,2023,Female,15–44,Arkansas,Phillips County,05,107,75.2,>4.6
Primary and secondary syphilis,2023,Female,15–44,Arkansas,Pike County,05,109,0.0,≤4.6
Primary and secondary syphilis,2023,Female,15–44,Arkansas,Poinsett County,05,111,244.0,>4.6
Primary and secondary syphilis,2023,Female,15–44,Arkansas,Polk County,05,113,31.5,>4.6
Primary and secondary syphilis,2023,Female,15–44,Arkansas,Pope County,05,115,85.2,>4.6
Primary and secondary syphilis,2023,Female,15–44,Arkansas,Prairie County,05,117,0.0,≤4.6
Primary and secondary syphilis,2023,Female,15–44,Arkansas,Pulaski County,05,119,62.9,>4.6
Primary and secondary syphilis,2023,Female,15–44,Arkansas,Randolph County,05,121,0.0,≤4.6
Primary and secondary syphilis,2023,Female,15–44,Arkansas,St. Francis County,05,123,121.3,>4.6
Primary and secondary syphilis,2023,Female,15–44,Arkansas,Saline County,05,125,36.2,>4.6
Primary and secondary syphilis,2023,Female,15–44,Arkansas,Scott County,05,127,61.7,>4.6
Primary and secondary syphilis,2023,Female,15–44,Arkansas,Searcy County,05,129,0.0,≤4.6
Primary and secondary syphilis,2023,Female,15–44,Arkansas,Sebastian County,05,131,95.3,>4.6
Primary and secondary syphilis,2023,Female,15–44,Arkansas,Sevier County,05,133,138.5,>4.6
Primary and secondary syphilis,2023,Female,15–44,Arkansas,Sharp County,05,135,109.7,>4.6
Primary and secondary syphilis,2023,Female,15–44,Arkansas,Stone County,05,137,0.0,≤4.6
Primary and secondary syphilis,2023,Female,15–44,Arkansas,Union County,05,139,59.9,>4.6
Primary and secondary syphilis,2023,Female,15–44,Arkansas,Van Buren County,05,141,0.0,≤4.6
Primary and secondary syphilis,2023,Female,15–44,Arkansas,Washington County,05,143,23.1,>4.6
Primary and secondary syphilis,2023,Female,15–44,Arkansas,White County,05,145,90.0,>4.6
Primary and secondary syphilis,2023,Female,15–44,Arkansas,Woodruff County,05,147,0.0,≤4.6
Primary and secondary syphilis,2023,Female,15–44,Arkansas,Yell County,05,149,115.3,>4.6
Primary and secondary syphilis,2023,Female,15–44,California,Alameda County,06,001,11.1,>4.6
Primary and secondary syphilis,2023,Female,15–44,California,Alpine County,06,003,0.0,≤4.6
Primary and secondary syphilis,2023,Female,15–44,California,Amador County,06,005,18.4,>4.6
Primary and secondary syphilis,2023,Female,15–44,California,Butte County,06,007,36.3,>4.6
Primary and secondary syphilis,2023,Female,15–44,California,Calaveras County,06,009,0.0,≤4.6
Primary and secondary syphilis,2023,Female,15–44,California,Colusa County,06,011,0.0,≤4.6
Primary and secondary syphilis,2023,Female,15–44,California,Contra Costa County,06,013,10.0,>4.6
Primary and secondary syphilis,2023,Female,15–44,California,Del Norte County,06,015,190.0,>4.6
Primary and secondary syphilis,2023,Female,15–44,California,El Dorado County,06,017,6.4,>4.6
Primary and secondary syphilis,2023,Female,15–44,California,Fresno County,06,019,30.4,>4.6
Primary and secondary syphilis,2023,Female,15–44,California,Glenn County,06,021,19.0,>4.6
Primary and secondary syphilis,2023,Female,15–44,California,Humboldt County,06,023,14.3,>4.6
Primary and secondary syphilis,2023,Female,15–44,California,Imperial County,06,025,8.7,>4.6
Primary and secondary syphilis,2023,Female,15–44,California,Inyo County,06,027,0.0,≤4.6
Primary and secondary syphilis,2023,Female,15–44,California,Kern County,06,029,18.8,>4.6
Primary and secondary syphilis,2023,Female,15–44,California,Kings County,06,031,30.5,>4.6
Primary and secondary syphilis,2023,Female,15–44,California,Lake County,06,033,36.9,>4.6
Primary and secondary syphilis,2023,Female,15–44,California,Lassen County,06,035,0.0,≤4.6
Primary and secondary syphilis,2023,Female,15–44,California,Los Angeles County,06,037,12.9,>4.6
Primary and secondary syphilis,2023,Female,15–44,California,Madera County,06,039,22.7,>4.6
Primary and secondary syphilis,2023,Female,15–44,California,Marin County,06,041,7.8,>4.6
Primary and secondary syphilis,2023,Female,15–44,California,Mariposa County,06,043,0.0,≤4.6
Primary and secondary syphilis,2023,Female,15–44,California,Mendocino County,06,045,68.3,>4.6
Primary and secondary syphilis,2023,Female,15–44,California,Merced County,06,047,19.3,>4.6
Primary and secondary syphilis,2023,Female,15–44,California,Modoc County,06,049,0.0,≤4.6
Primary and secondary syphilis,2023,Female,15–44,California,Mono County,06,051,0.0,≤4.6
Primary and secondary syphilis,2023,Female,15–44,California,Monterey County,06,053,17.6,>4.6
Primary and secondary syphilis,2023,Female,15–44,California,Napa County,06,055,0.0,≤4.6
Primary and secondary syphilis,2023,Female,15–44,California,Nevada County,06,057,19.7,>4.6
Primary and secondary syphilis,2023,Female,15–44,California,Orange County,06,059,5.5,>4.6
Primary and secondary syphilis,2023,Female,15–44,California,Placer County,06,061,2.6,≤4.6
Primary and secondary syphilis,2023,Female,15–44,California,Plumas County,06,063,0.0,≤4.6
Primary and secondary syphilis,2023,Female,15–44,California,Riverside County,06,065,8.1,>4.6
Primary and secondary syphilis,2023,Female,15–44,California,Sacramento County,06,067,24.6,>4.6
Primary and secondary syphilis,2023,Female,15–44,California,San Benito County,06,069,0.0,≤4.6
Primary and secondary syphilis,2023,Female,15–44,California,San Bernardino County,06,071,10.8,>4.6
Primary and secondary syphilis,2023,Female,15–44,California,San Diego County,06,073,9.3,>4.6
Primary and secondary syphilis,2023,Female,15–44,California,San Francisco County,06,075,12.7,>4.6
Primary and secondary syphilis,2023,Female,15–44,California,San Joaquin County,06,077,17.0,>4.6
Primary and secondary syphilis,2023,Female,15–44,California,San Luis Obispo County,06,079,5.5,>4.6
Primary and secondary syphilis,2023,Female,15–44,California,San Mateo County,06,081,5.8,>4.6
Primary and secondary syphilis,2023,Female,15–44,California,Santa Barbara County,06,083,11.7,>4.6
Primary and secondary syphilis,2023,Female,15–44,California,Santa Clara County,06,085,3.9,≤4.6
Primary and secondary syphilis,2023,Female,15–44,California,Santa Cruz County,06,087,22.4,>4.6
Primary and secondary syphilis,2023,Female,15–44,California,Shasta County,06,089,73.7,>4.6
Primary and secondary syphilis,2023,Female,15–44,California,Sierra County,06,091,0.0,≤4.6
Primary and secondary syphilis,2023,Female,15–44,California,Siskiyou County,06,093,61.9,>4.6
Primary and secondary syphilis,2023,Female,15–44,California,Solano County,06,095,27.9,>4.6
Primary and secondary syphilis,2023,Female,15–44,California,Sonoma County,06,097,18.3,>4.6
Primary and secondary syphilis,2023,Female,15–44,California,Stanislaus County,06,099,26.4,>4.6
Primary and secondary syphilis,2023,Female,15–44,California,Sutter County,06,101,15.6,>4.6
Primary and secondary syphilis,2023,Female,15–44,California,Tehama County,06,103,70.7,>4.6
Primary and secondary syphilis,2023,Female,15–44,California,Trinity County,06,105,0.0,≤4.6
Primary and secondary syphilis,2023,Female,15–44,California,Tulare County,06,107,10.8,>4.6
Primary and secondary syphilis,2023,Female,15–44,California,Tuolumne County,06,109,12.5,>4.6
Primary and secondary syphilis,2023,Female,15–44,California,Ventura County,06,111,7.6,>4.6
Primary and secondary syphilis,2023,Female,15–44,California,Yolo County,06,113,3.5,≤4.6
Primary and secondary syphilis,2023,Female,15–44,California,Yuba County,06,115,16.8,>4.6
Primary and secondary syphilis,2023,Female,15–44,Colorado,Adams County,08,001,12.7,>4.6
Primary and secondary syphilis,2023,Female,15–44,Colorado,Alamosa County,08,003,0.0,≤4.6
Primary and secondary syphilis,2023,Female,15–44,Colorado,Arapahoe County,08,005,16.7,>4.6
Primary and secondary syphilis,2023,Female,15–44,Colorado,Archuleta County,08,007,0.0,≤4.6
Primary and secondary syphilis,2023,Female,15–44,Colorado,Baca County,08,009,0.0,≤4.6
Primary and secondary syphilis,2023,Female,15–44,Colorado,Bent County,08,011,0.0,≤4.6
Primary and secondary syphilis,2023,Female,15–44,Colorado,Boulder County,08,013,5.6,>4.6
Primary and secondary syphilis,2023,Female,15–44,Colorado,Broomfield County,08,014,0.0,≤4.6
Primary and secondary syphilis,2023,Female,15–44,Colorado,Chaffee County,08,015,31.9,>4.6
Primary and secondary syphilis,2023,Female,15–44,Colorado,Cheyenne County,08,017,343.6,>4.6
Primary and secondary syphilis,2023,Female,15–44,Colorado,Clear Creek County,08,019,0.0,≤4.6
Primary and secondary syphilis,2023,Female,15–44,Colorado,Conejos County,08,021,0.0,≤4.6
Primary and secondary syphilis,2023,Female,15–44,Colorado,Costilla County,08,023,0.0,≤4.6
Primary and secondary syphilis,2023,Female,15–44,Colorado,Crowley County,08,025,0.0,≤4.6
Primary and secondary syphilis,2023,Female,15–44,Colorado,Custer County,08,027,0.0,≤4.6
Primary and secondary syphilis,2023,Female,15–44,Colorado,Delta County,08,029,21.0,>4.6
Primary and secondary syphilis,2023,Female,15–44,Colorado,Denver County,08,031,26.6,>4.6
Primary and secondary syphilis,2023,Female,15–44,Colorado,Dolores County,08,033,0.0,≤4.6
Primary and secondary syphilis,2023,Female,15–44,Colorado,Douglas County,08,035,1.3,≤4.6
Primary and secondary syphilis,2023,Female,15–44,Colorado,Eagle County,08,037,9.8,>4.6
Primary and secondary syphilis,2023,Female,15–44,Colorado,Elbert County,08,039,0.0,≤4.6
Primary and secondary syphilis,2023,Female,15–44,Colorado,El Paso County,08,041,12.2,>4.6
Primary and secondary syphilis,2023,Female,15–44,Colorado,Fremont County,08,043,0.0,≤4.6
Primary and secondary syphilis,2023,Female,15–44,Colorado,Garfield County,08,045,8.3,>4.6
Primary and secondary syphilis,2023,Female,15–44,Colorado,Gilpin County,08,047,0.0,≤4.6
Primary and secondary syphilis,2023,Female,15–44,Colorado,Grand County,08,049,0.0,≤4.6
Primary and secondary syphilis,2023,Female,15–44,Colorado,Gunnison County,08,051,0.0,≤4.6
Primary and secondary syphilis,2023,Female,15–44,Colorado,Hinsdale County,08,053,0.0,≤4.6
Primary and secondary syphilis,2023,Female,15–44,Colorado,Huerfano County,08,055,0.0,≤4.6
Primary and secondary syphilis,2023,Female,15–44,Colorado,Jackson County,08,057,0.0,≤4.6
Primary and secondary syphilis,2023,Female,15–44,Colorado,Jefferson County,08,059,8.7,>4.6
Primary and secondary syphilis,2023,Female,15–44,Colorado,Kiowa County,08,061,0.0,≤4.6
Primary and secondary syphilis,2023,Female,15–44,Colorado,Kit Carson County,08,063,0.0,≤4.6
Primary and secondary syphilis,2023,Female,15–44,Colorado,Lake County,08,065,0.0,≤4.6
Primary and secondary syphilis,2023,Female,15–44,Colorado,La Plata County,08,067,9.4,>4.6
Primary and secondary syphilis,2023,Female,15–44,Colorado,Larimer County,08,069,3.6,≤4.6
Primary and secondary syphilis,2023,Female,15–44,Colorado,Las Animas County,08,071,0.0,≤4.6
Primary and secondary syphilis,2023,Female,15–44,Colorado,Lincoln County,08,073,0.0,≤4.6
Primary and secondary syphilis,2023,Female,15–44,Colorado,Logan County,08,075,0.0,≤4.6
Primary and secondary syphilis,2023,Female,15–44,Colorado,Mesa County,08,077,39.8,>4.6
Primary and secondary syphilis,2023,Female,15–44,Colorado,Mineral County,08,079,0.0,≤4.6
Primary and secondary syphilis,2023,Female,15–44,Colorado,Moffat County,08,081,0.0,≤4.6
Primary and secondary syphilis,2023,Female,15–44,Colorado,Montezuma County,08,083,22.9,>4.6
Primary and secondary syphilis,2023,Female,15–44,Colorado,Montrose County,08,085,14.2,>4.6
Primary and secondary syphilis,2023,Female,15–44,Colorado,Morgan County,08,087,0.0,≤4.6
Primary and secondary syphilis,2023,Female,15–44,Colorado,Otero County,08,089,0.0,≤4.6
Primary and secondary syphilis,2023,Female,15–44,Colorado,Ouray County,08,091,0.0,≤4.6
Primary and secondary syphilis,2023,Female,15–44,Colorado,Park County,08,093,0.0,≤4.6
Primary and secondary syphilis,2023,Female,15–44,Colorado,Phillips County,08,095,0.0,≤4.6
Primary and secondary syphilis,2023,Female,15–44,Colorado,Pitkin County,08,097,35.0,>4.6
Primary and secondary syphilis,2023,Female,15–44,Colorado,Prowers County,08,099,0.0,≤4.6
Primary and secondary syphilis,2023,Female,15–44,Colorado,Pueblo County,08,101,56.7,>4.6
Primary and secondary syphilis,2023,Female,15–44,Colorado,Rio Blanco County,08,103,0.0,≤4.6
Primary and secondary syphilis,2023,Female,15–44,Colorado,Rio Grande County,08,105,51.5,>4.6
Primary and secondary syphilis,2023,Female,15–44,Colorado,Routt County,08,107,22.6,>4.6
Primary and secondary syphilis,2023,Female,15–44,Colorado,Saguache County,08,109,0.0,≤4.6
Primary and secondary syphilis,2023,Female,15–44,Colorado,San Juan County,08,111,0.0,≤4.6
Primary and secondary syphilis,2023,Female,15–44,Colorado,San Miguel County,08,113,0.0,≤4.6
Primary and secondary syphilis,2023,Female,15–44,Colorado,Sedgwick County,08,115,0.0,≤4.6
Primary and secondary syphilis,2023,Female,15–44,Colorado,Summit County,08,117,0.0,≤4.6
Primary and secondary syphilis,2023,Female,15–44,Colorado,Teller County,08,119,0.0,≤4.6
Primary and secondary syphilis,2023,Female,15–44,Colorado,Washington County,08,121,0.0,≤4.6
Primary and secondary syphilis,2023,Female,15–44,Colorado,Weld County,08,123,9.2,>4.6
Primary and secondary syphilis,2023,Female,15–44,Colorado,Yuma County,08,125,0.0,≤4.6
Primary and secondary syphilis,2023,Female,15–44,Connecticut,Capitol Planning Region,09,110,7.8,>4.6
Primary and secondary syphilis,2023,Female,15–44,Connecticut,Greater Bridgeport Planning Region,09,120,4.7,>4.6
Primary and secondary syphilis,2023,Female,15–44,Connecticut,Lower Connecticut River Valley Planning Region,09,130,0.0,≤4.6
Primary and secondary syphilis,2023,Female,15–44,Connecticut,Naugatuck Valley Planning Region,09,140,8.2,>4.6
Primary and secondary syphilis,2023,Female,15–44,Connecticut,Northeastern Connecticut Planning Region,09,150,0.0,≤4.6
Primary and secondary syphilis,2023,Female,15–44,Connecticut,Northwest Hills Planning Region,09,160,0.0,≤4.6
Primary and secondary syphilis,2023,Female,15–44,Connecticut,South Central Connecticut Planning Region,09,170,8.8,>4.6
Primary and secondary syphilis,2023,Female,15–44,Connecticut,Southeastern Connecticut Planning Region,09,180,13.4,>4.6
Primary and secondary syphilis,2023,Female,15–44,Connecticut,Western Connecticut Planning Region,09,190,0.0,≤4.6
Primary and secondary syphilis,2023,Female,15–44,Delaware,Kent County,10,001,28.8,>4.6
Primary and secondary syphilis,2023,Female,15–44,Delaware,New Castle County,10,003,24.0,>4.6
Primary and secondary syphilis,2023,Female,15–44,Delaware,Sussex County,10,005,13.5,>4.6
Primary and secondary syphilis,2023,Female,15–44,District of Columbia,District of Columbia,11,001,20.7,>4.6
Primary and secondary syphilis,2023,Female,15–44,Florida,Alachua County,12,001,20.4,>4.6
Primary and secondary syphilis,2023,Female,15–44,Florida,Baker County,12,003,19.0,>4.6
Primary and secondary syphilis,2023,Female,15–44,Florida,Bay County,12,005,14.2,>4.6
Primary and secondary syphilis,2023,Female,15–44,Florida,Bradford County,12,007,21.7,>4.6
Primary and secondary syphilis,2023,Female,15–44,Florida,Brevard County,12,009,32.2,>4.6
Primary and secondary syphilis,2023,Female,15–44,Florida,Broward County,12,011,11.9,>4.6
Primary and secondary syphilis,2023,Female,15–44,Florida,Calhoun County,12,013,139.0,>4.6
Primary and secondary syphilis,2023,Female,15–44,Florida,Charlotte County,12,015,8.8,>4.6
Primary and secondary syphilis,2023,Female,15–44,Florida,Citrus County,12,017,19.2,>4.6
Primary and secondary syphilis,2023,Female,15–44,Florida,Clay County,12,019,13.7,>4.6
Primary and secondary syphilis,2023,Female,15–44,Florida,Collier County,12,021,11.0,>4.6
Primary and secondary syphilis,2023,Female,15–44,Florida,Columbia County,12,023,24.1,>4.6
Primary and secondary syphilis,2023,Female,15–44,Florida,DeSoto County,12,027,58.4,>4.6
Primary and secondary syphilis,2023,Female,15–44,Florida,Dixie County,12,029,0.0,≤4.6
Primary and secondary syphilis,2023,Female,15–44,Florida,Duval County,12,031,33.9,>4.6
Primary and secondary syphilis,2023,Female,15–44,Florida,Escambia County,12,033,17.0,>4.6
Primary and secondary syphilis,2023,Female,15–44,Florida,Flagler County,12,035,10.8,>4.6
Primary and secondary syphilis,2023,Female,15–44,Florida,Franklin County,12,037,62.7,>4.6
Primary and secondary syphilis,2023,Female,15–44,Florida,Gadsden County,12,039,50.7,>4.6
Primary and secondary syphilis,2023,Female,15–44,Florida,Gilchrist County,12,041,0.0,≤4.6
Primary and secondary syphilis,2023,Female,15–44,Florida,Glades County,12,043,0.0,≤4.6
Primary and secondary syphilis,2023,Female,15–44,Florida,Gulf County,12,045,0.0,≤4.6
Primary and secondary syphilis,2023,Female,15–44,Florida,Hamilton County,12,047,0.0,≤4.6
Primary and secondary syphilis,2023,Female,15–44,Florida,Hardee County,12,049,0.0,≤4.6
Primary and secondary syphilis,2023,Female,15–44,Florida,Hendry County,12,051,0.0,≤4.6
Primary and secondary syphilis,2023,Female,15–44,Florida,Hernando County,12,053,5.7,>4.6
Primary and secondary syphilis,2023,Female,15–44,Florida,Highlands County,12,055,6.8,>4.6
Primary and secondary syphilis,2023,Female,15–44,Florida,Hillsborough County,12,057,20.2,>4.6
Primary and secondary syphilis,2023,Female,15–44,Florida,Holmes County,12,059,64.9,>4.6
Primary and secondary syphilis,2023,Female,15–44,Florida,Indian River County,12,061,0.0,≤4.6
Primary and secondary syphilis,2023,Female,15–44,Florida,Jackson County,12,063,80.8,>4.6
Primary and secondary syphilis,2023,Female,15–44,Florida,Jefferson County,12,065,0.0,≤4.6
Primary and secondary syphilis,2023,Female,15–44,Florida,Lafayette County,12,067,0.0,≤4.6
Primary and secondary syphilis,2023,Female,15–44,Florida,Lake County,12,069,2.8,≤4.6
Primary and secondary syphilis,2023,Female,15–44,Florida,Lee County,12,071,8.4,>4.6
Primary and secondary syphilis,2023,Female,15–44,Florida,Leon County,12,073,47.2,>4.6
Primary and secondary syphilis,2023,Female,15–44,Florida,Levy County,12,075,13.3,>4.6
Primary and secondary syphilis,2023,Female,15–44,Florida,Liberty County,12,077,554.0,>4.6
Primary and secondary syphilis,2023,Female,15–44,Florida,Madison County,12,079,34.9,>4.6
Primary and secondary syphilis,2023,Female,15–44,Florida,Manatee County,12,081,10.3,>4.6
Primary and secondary syphilis,2023,Female,15–44,Florida,Marion County,12,083,16.8,>4.6
Primary and secondary syphilis,2023,Female,15–44,Florida,Martin County,12,085,4.6,≤4.6
Primary and secondary syphilis,2023,Female,15–44,Florida,Miami-Dade County,12,086,14.1,>4.6
Primary and secondary syphilis,2023,Female,15–44,Florida,Monroe County,12,087,0.0,≤4.6
Primary and secondary syphilis,2023,Female,15–44,Florida,Nassau County,12,089,12.2,>4.6
Primary and secondary syphilis,2023,Female,15–44,Florida,Okaloosa County,12,091,16.7,>4.6
Primary and secondary syphilis,2023,Female,15–44,Florida,Okeechobee County,12,093,15.2,>4.6
Primary and secondary syphilis,2023,Female,15–44,Florida,Orange County,12,095,12.2,>4.6
Primary and secondary syphilis,2023,Female,15–44,Florida,Osceola County,12,097,6.5,>4.6
Primary and secondary syphilis,2023,Female,15–44,Florida,Palm Beach County,12,099,10.9,>4.6
Primary and secondary syphilis,2023,Female,15–44,Florida,Pasco County,12,101,12.4,>4.6
Primary and secondary syphilis,2023,Female,15–44,Florida,Pinellas County,12,103,42.1,>4.6
Primary and secondary syphilis,2023,Female,15–44,Florida,Polk County,12,105,16.3,>4.6
Primary and secondary syphilis,2023,Female,15–44,Florida,Putnam County,12,107,32.8,>4.6
Primary and secondary syphilis,2023,Female,15–44,Florida,St. Johns County,12,109,3.7,≤4.6
Primary and secondary syphilis,2023,Female,15–44,Florida,St. Lucie County,12,111,14.4,>4.6
Primary and secondary syphilis,2023,Female,15–44,Florida,Santa Rosa County,12,113,8.2,>4.6
Primary and secondary syphilis,2023,Female,15–44,Florida,Sarasota County,12,115,16.9,>4.6
Primary and secondary syphilis,2023,Female,15–44,Florida,Seminole County,12,117,10.1,>4.6
Primary and secondary syphilis,2023,Female,15–44,Florida,Sumter County,12,119,21.0,>4.6
Primary and secondary syphilis,2023,Female,15–44,Florida,Suwannee County,12,121,27.6,>4.6
Primary and secondary syphilis,2023,Female,15–44,Florida,Taylor County,12,123,60.5,>4.6
Primary and secondary syphilis,2023,Female,15–44,Florida,Union County,12,125,0.0,≤4.6
Primary and secondary syphilis,2023,Female,15–44,Florida,Volusia County,12,127,27.4,>4.6
Primary and secondary syphilis,2023,Female,15–44,Florida,Wakulla County,12,129,0.0,≤4.6
Primary and secondary syphilis,2023,Female,15–44,Florida,Walton County,12,131,85.1,>4.6
Primary and secondary syphilis,2023,Female,15–44,Florida,Washington County,12,133,118.3,>4.6
Primary and secondary syphilis,2023,Female,15–44,Georgia,Appling County,13,001,31.5,>4.6
Primary and secondary syphilis,2023,Female,15–44,Georgia,Atkinson County,13,003,62.2,>4.6
Primary and secondary syphilis,2023,Female,15–44,Georgia,Bacon County,13,005,97.3,>4.6
Primary and secondary syphilis,2023,Female,15–44,Georgia,Baker County,13,007,0.0,≤4.6
Primary and secondary syphilis,2023,Female,15–44,Georgia,Baldwin County,13,009,21.4,>4.6
Primary and secondary syphilis,2023,Female,15–44,Georgia,Banks County,13,011,0.0,≤4.6
Primary and secondary syphilis,2023,Female,15–44,Georgia,Barrow County,13,013,5.2,>4.6
Primary and secondary syphilis,2023,Female,15–44,Georgia,Bartow County,13,015,4.4,≤4.6
Primary and secondary syphilis,2023,Female,15–44,Georgia,Ben Hill County,13,017,122.2,>4.6
Primary and secondary syphilis,2023,Female,15–44,Georgia,Berrien County,13,019,0.0,≤4.6
Primary and secondary syphilis,2023,Female,15–44,Georgia,Bibb County,13,021,85.7,>4.6
Primary and secondary syphilis,2023,Female,15–44,Georgia,Bleckley County,13,023,76.0,>4.6
Primary and secondary syphilis,2023,Female,15–44,Georgia,Brantley County,13,025,29.7,>4.6
Primary and secondary syphilis,2023,Female,15–44,Georgia,Brooks County,13,027,72.8,>4.6
Primary and secondary syphilis,2023,Female,15–44,Georgia,Bryan County,13,029,18.7,>4.6
Primary and secondary syphilis,2023,Female,15–44,Georgia,Bulloch County,13,031,46.6,>4.6
Primary and secondary syphilis,2023,Female,15–44,Georgia,Burke County,13,033,22.0,>4.6
Primary and secondary syphilis,2023,Female,15–44,Georgia,Butts County,13,035,0.0,≤4.6
Primary and secondary syphilis,2023,Female,15–44,Georgia,Calhoun County,13,037,150.8,>4.6
Primary and secondary syphilis,2023,Female,15–44,Georgia,Camden County,13,039,35.2,>4.6
Primary and secondary syphilis,2023,Female,15–44,Georgia,Candler County,13,043,0.0,≤4.6
Primary and secondary syphilis,2023,Female,15–44,Georgia,Carroll County,13,045,7.2,>4.6
Primary and secondary syphilis,2023,Female,15–44,Georgia,Catoosa County,13,047,31.4,>4.6
Primary and secondary syphilis,2023,Female,15–44,Georgia,Charlton County,13,049,113.3,>4.6
Primary and secondary syphilis,2023,Female,15–44,Georgia,Chatham County,13,051,15.1,>4.6
Primary and secondary syphilis,2023,Female,15–44,Georgia,Chattahoochee County,13,053,0.0,≤4.6
Primary and secondary syphilis,2023,Female,15–44,Georgia,Chattooga County,13,055,0.0,≤4.6
Primary and secondary syphilis,2023,Female,15–44,Georgia,Cherokee County,13,057,1.8,≤4.6
Primary and secondary syphilis,2023,Female,15–44,Georgia,Clarke County,13,059,10.7,>4.6
Primary and secondary syphilis,2023,Female,15–44,Georgia,Clay County,13,061,0.0,≤4.6
Primary and secondary syphilis,2023,Female,15–44,Georgia,Clayton County,13,063,25.0,>4.6
Primary and secondary syphilis,2023,Female,15–44,Georgia,Clinch County,13,065,0.0,≤4.6
Primary and secondary syphilis,2023,Female,15–44,Georgia,Cobb County,13,067,8.5,>4.6
Primary and secondary syphilis,2023,Female,15–44,Georgia,Coffee County,13,069,85.9,>4.6
Primary and secondary syphilis,2023,Female,15–44,Georgia,Colquitt County,13,071,11.4,>4.6
Primary and secondary syphilis,2023,Female,15–44,Georgia,Columbia County,13,073,5.9,>4.6
Primary and secondary syphilis,2023,Female,15–44,Georgia,Cook County,13,075,28.4,>4.6
Primary and secondary syphilis,2023,Female,15–44,Georgia,Coweta County,13,077,9.8,>4.6
Primary and secondary syphilis,2023,Female,15–44,Georgia,Crawford County,13,079,0.0,≤4.6
Primary and secondary syphilis,2023,Female,15–44,Georgia,Crisp County,13,081,0.0,≤4.6
Primary and secondary syphilis,2023,Female,15–44,Georgia,Dade County,13,083,33.8,>4.6
Primary and secondary syphilis,2023,Female,15–44,Georgia,Dawson County,13,085,17.1,>4.6
Primary and secondary syphilis,2023,Female,15–44,Georgia,Decatur County,13,087,55.2,>4.6
Primary and secondary syphilis,2023,Female,15–44,Georgia,DeKalb County,13,089,20.4,>4.6
Primary and secondary syphilis,2023,Female,15–44,Georgia,Dodge County,13,091,63.4,>4.6
Primary and secondary syphilis,2023,Female,15–44,Georgia,Dooly County,13,093,65.3,>4.6
Primary and secondary syphilis,2023,Female,15–44,Georgia,Dougherty County,13,095,22.2,>4.6
Primary and secondary syphilis,2023,Female,15–44,Georgia,Douglas County,13,097,9.4,>4.6
Primary and secondary syphilis,2023,Female,15–44,Georgia,Early County,13,099,0.0,≤4.6
Primary and secondary syphilis,2023,Female,15–44,Georgia,Echols County,13,101,0.0,≤4.6
Primary and secondary syphilis,2023,Female,15–44,Georgia,Effingham County,13,103,6.8,>4.6
Primary and secondary syphilis,2023,Female,15–44,Georgia,Elbert County,13,105,0.0,≤4.6
Primary and secondary syphilis,2023,Female,15–44,Georgia,Emanuel County,13,107,0.0,≤4.6
Primary and secondary syphilis,2023,Female,15–44,Georgia,Evans County,13,109,0.0,≤4.6
Primary and secondary syphilis,2023,Female,15–44,Georgia,Fannin County,13,111,28.1,>4.6
Primary and secondary syphilis,2023,Female,15–44,Georgia,Fayette County,13,113,4.6,≤4.6
Primary and secondary syphilis,2023,Female,15–44,Georgia,Floyd County,13,115,19.4,>4.6
Primary and secondary syphilis,2023,Female,15–44,Georgia,Forsyth County,13,117,9.5,>4.6
Primary and secondary syphilis,2023,Female,15–44,Georgia,Franklin County,13,119,64.9,>4.6
Primary and secondary syphilis,2023,Female,15–44,Georgia,Fulton County,13,121,23.4,>4.6
Primary and secondary syphilis,2023,Female,15–44,Georgia,Gilmer County,13,123,0.0,≤4.6
Primary and secondary syphilis,2023,Female,15–44,Georgia,Glascock County,13,125,0.0,≤4.6
Primary and secondary syphilis,2023,Female,15–44,Georgia,Glynn County,13,127,32.2,>4.6
Primary and secondary syphilis,2023,Female,15–44,Georgia,Gordon County,13,129,34.9,>4.6
Primary and secondary syphilis,2023,Female,15–44,Georgia,Grady County,13,131,0.0,≤4.6
Primary and secondary syphilis,2023,Female,15–44,Georgia,Greene County,13,133,0.0,≤4.6
Primary and secondary syphilis,2023,Female,15–44,Georgia,Gwinnett County,13,135,6.8,>4.6
Primary and secondary syphilis,2023,Female,15–44,Georgia,Habersham County,13,137,10.1,>4.6
Primary and secondary syphilis,2023,Female,15–44,Georgia,Hall County,13,139,9.6,>4.6
Primary and secondary syphilis,2023,Female,15–44,Georgia,Hancock County,13,141,185.4,>4.6
Primary and secondary syphilis,2023,Female,15–44,Georgia,Haralson County,13,143,96.4,>4.6
Primary and secondary syphilis,2023,Female,15–44,Georgia,Harris County,13,145,0.0,≤4.6
Primary and secondary syphilis,2023,Female,15–44,Georgia,Hart County,13,147,67.1,>4.6
Primary and secondary syphilis,2023,Female,15–44,Georgia,Heard County,13,149,45.4,>4.6
Primary and secondary syphilis,2023,Female,15–44,Georgia,Henry County,13,151,11.0,>4.6
Primary and secondary syphilis,2023,Female,15–44,Georgia,Houston County,13,153,35.5,>4.6
Primary and secondary syphilis,2023,Female,15–44,Georgia,Irwin County,13,155,60.5,>4.6
Primary and secondary syphilis,2023,Female,15–44,Georgia,Jackson County,13,157,11.4,>4.6
Primary and secondary syphilis,2023,Female,15–44,Georgia,Jasper County,13,159,0.0,≤4.6
Primary and secondary syphilis,2023,Female,15–44,Georgia,Jeff Davis County,13,161,34.9,>4.6
Primary and secondary syphilis,2023,Female,15–44,Georgia,Jefferson County,13,163,0.0,≤4.6
Primary and secondary syphilis,2023,Female,15–44,Georgia,Jenkins County,13,165,0.0,≤4.6
Primary and secondary syphilis,2023,Female,15–44,Georgia,Johnson County,13,167,0.0,≤4.6
Primary and secondary syphilis,2023,Female,15–44,Georgia,Jones County,13,169,18.3,>4.6
Primary and secondary syphilis,2023,Female,15–44,Georgia,Lamar County,13,171,23.3,>4.6
Primary and secondary syphilis,2023,Female,15–44,Georgia,Lanier County,13,173,0.0,≤4.6
Primary and secondary syphilis,2023,Female,15–44,Georgia,Laurens County,13,175,20.9,>4.6
Primary and secondary syphilis,2023,Female,15–44,Georgia,Lee County,13,177,0.0,≤4.6
Primary and secondary syphilis,2023,Female,15–44,Georgia,Liberty County,13,179,32.3,>4.6
Primary and secondary syphilis,2023,Female,15–44,Georgia,Lincoln County,13,181,81.8,>4.6
Primary and secondary syphilis,2023,Female,15–44,Georgia,Long County,13,183,0.0,≤4.6
Primary and secondary syphilis,2023,Female,15–44,Georgia,Lowndes County,13,185,88.2,>4.6
Primary and secondary syphilis,2023,Female,15–44,Georgia,Lumpkin County,13,187,0.0,≤4.6
Primary and secondary syphilis,2023,Female,15–44,Georgia,McDuffie County,13,189,0.0,≤4.6
Primary and secondary syphilis,2023,Female,15–44,Georgia,McIntosh County,13,191,0.0,≤4.6
Primary and secondary syphilis,2023,Female,15–44,Georgia,Macon County,13,193,0.0,≤4.6
Primary and secondary syphilis,2023,Female,15–44,Georgia,Madison County,13,195,50.0,>4.6
Primary and secondary syphilis,2023,Female,15–44,Georgia,Marion County,13,197,80.1,>4.6
Primary and secondary syphilis,2023,Female,15–44,Georgia,Meriwether County,13,199,0.0,≤4.6
Primary and secondary syphilis,2023,Female,15–44,Georgia,Miller County,13,201,0.0,≤4.6
Primary and secondary syphilis,2023,Female,15–44,Georgia,Mitchell County,13,205,54.6,>4.6
Primary and secondary syphilis,2023,Female,15–44,Georgia,Monroe County,13,207,38.2,>4.6
Primary and secondary syphilis,2023,Female,15–44,Georgia,Montgomery County,13,209,62.8,>4.6
Primary and secondary syphilis,2023,Female,15–44,Georgia,Morgan County,13,211,0.0,≤4.6
Primary and secondary syphilis,2023,Female,15–44,Georgia,Murray County,13,213,62.5,>4.6
Primary and secondary syphilis,2023,Female,15–44,Georgia,Muscogee County,13,215,72.3,>4.6
Primary and secondary syphilis,2023,Female,15–44,Georgia,Newton County,13,217,3.9,≤4.6
Primary and secondary syphilis,2023,Female,15–44,Georgia,Oconee County,13,219,12.5,>4.6
Primary and secondary syphilis,2023,Female,15–44,Georgia,Oglethorpe County,13,221,35.6,>4.6
Primary and secondary syphilis,2023,Female,15–44,Georgia,Paulding County,13,223,7.8,>4.6
Primary and secondary syphilis,2023,Female,15–44,Georgia,Peach County,13,225,49.4,>4.6
Primary and secondary syphilis,2023,Female,15–44,Georgia,Pickens County,13,227,16.8,>4.6
Primary and secondary syphilis,2023,Female,15–44,Georgia,Pierce County,13,229,54.0,>4.6
Primary and secondary syphilis,2023,Female,15–44,Georgia,Pike County,13,231,0.0,≤4.6
Primary and secondary syphilis,2023,Female,15–44,Georgia,Polk County,13,233,11.6,>4.6
Primary and secondary syphilis,2023,Female,15–44,Georgia,Pulaski County,13,235,0.0,≤4.6
Primary and secondary syphilis,2023,Female,15–44,Georgia,Putnam County,13,237,53.4,>4.6
Primary and secondary syphilis,2023,Female,15–44,Georgia,Quitman County,13,239,0.0,≤4.6
Primary and secondary syphilis,2023,Female,15–44,Georgia,Rabun County,13,241,0.0,≤4.6
Primary and secondary syphilis,2023,Female,15–44,Georgia,Randolph County,13,243,0.0,≤4.6
Primary and secondary syphilis,2023,Female,15–44,Georgia,Richmond County,13,245,54.2,>4.6
Primary and secondary syphilis,2023,Female,15–44,Georgia,Rockdale County,13,247,10.3,>4.6
Primary and secondary syphilis,2023,Female,15–44,Georgia,Schley County,13,249,0.0,≤4.6
Primary and secondary syphilis,2023,Female,15–44,Georgia,Screven County,13,251,0.0,≤4.6
Primary and secondary syphilis,2023,Female,15–44,Georgia,Seminole County,13,253,0.0,≤4.6
Primary and secondary syphilis,2023,Female,15–44,Georgia,Spalding County,13,255,29.3,>4.6
Primary and secondary syphilis,2023,Female,15–44,Georgia,Stephens County,13,257,59.4,>4.6
Primary and secondary syphilis,2023,Female,15–44,Georgia,Stewart County,13,259,0.0,≤4.6
Primary and secondary syphilis,2023,Female,15–44,Georgia,Sumter County,13,261,66.0,>4.6
Primary and secondary syphilis,2023,Female,15–44,Georgia,Talbot County,13,263,0.0,≤4.6
Primary and secondary syphilis,2023,Female,15–44,Georgia,Taliaferro County,13,265,0.0,≤4.6
Primary and secondary syphilis,2023,Female,15–44,Georgia,Tattnall County,13,267,26.9,>4.6
Primary and secondary syphilis,2023,Female,15–44,Georgia,Taylor County,13,269,0.0,≤4.6
Primary and secondary syphilis,2023,Female,15–44,Georgia,Telfair County,13,271,0.0,≤4.6
Primary and secondary syphilis,2023,Female,15–44,Georgia,Terrell County,13,273,0.0,≤4.6
Primary and secondary syphilis,2023,Female,15–44,Georgia,Thomas County,13,275,0.0,≤4.6
Primary and secondary syphilis,2023,Female,15–44,Georgia,Tift County,13,277,70.1,>4.6
Primary and secondary syphilis,2023,Female,15–44,Georgia,Toombs County,13,279,94.2,>4.6
Primary and secondary syphilis,2023,Female,15–44,Georgia,Towns County,13,281,0.0,≤4.6
Primary and secondary syphilis,2023,Female,15–44,Georgia,Treutlen County,13,283,0.0,≤4.6
Primary and secondary syphilis,2023,Female,15–44,Georgia,Troup County,13,285,13.8,>4.6
Primary and secondary syphilis,2023,Female,15–44,Georgia,Turner County,13,287,61.4,>4.6
Primary and secondary syphilis,2023,Female,15–44,Georgia,Twiggs County,13,289,0.0,≤4.6
Primary and secondary syphilis,2023,Female,15–44,Georgia,Union County,13,291,29.1,>4.6
Primary and secondary syphilis,2023,Female,15–44,Georgia,Upson County,13,293,37.8,>4.6
Primary and secondary syphilis,2023,Female,15–44,Georgia,Walker County,13,295,48.1,>4.6
Primary and secondary syphilis,2023,Female,15–44,Georgia,Walton County,13,297,14.4,>4.6
Primary and secondary syphilis,2023,Female,15–44,Georgia,Ware County,13,299,60.8,>4.6
Primary and secondary syphilis,2023,Female,15–44,Georgia,Warren County,13,301,0.0,≤4.6
Primary and secondary syphilis,2023,Female,15–44,Georgia,Washington County,13,303,30.1,>4.6
Primary and secondary syphilis,2023,Female,15–44,Georgia,Wayne County,13,305,68.6,>4.6
Primary and secondary syphilis,2023,Female,15–44,Georgia,Webster County,13,307,0.0,≤4.6
Primary and secondary syphilis,2023,Female,15–44,Georgia,Wheeler County,13,309,0.0,≤4.6
Primary and secondary syphilis,2023,Female,15–44,Georgia,White County,13,311,0.0,≤4.6
Primary and secondary syphilis,2023,Female,15–44,Georgia,Whitfield County,13,313,19.5,>4.6
Primary and secondary syphilis,2023,Female,15–44,Georgia,Wilcox County,13,315,0.0,≤4.6
Primary and secondary syphilis,2023,Female,15–44,Georgia,Wilkes County,13,317,0.0,≤4.6
Primary and secondary syphilis,2023,Female,15–44,Georgia,Wilkinson County,13,319,127.7,>4.6
Primary and secondary syphilis,2023,Female,15–44,Georgia,Worth County,13,321,0.0,≤4.6
Primary and secondary syphilis,2023,Female,15–44,Hawaii,Hawaii County,15,001,8.5,>4.6
Primary and secondary syphilis,2023,Female,15–44,Hawaii,Honolulu County,15,003,24.5,>4.6
Primary and secondary syphilis,2023,Female,15–44,Hawaii,Kalawao County,15,005,0.0,≤4.6
Primary and secondary syphilis,2023,Female,15–44,Hawaii,Kauai County,15,007,0.0,≤4.6
Primary and secondary syphilis,2023,Female,15–44,Hawaii,Maui County,15,009,0.0,≤4.6
Primary and secondary syphilis,2023,Female,15–44,Idaho,Ada County,16,001,1.9,≤4.6
Primary and secondary syphilis,2023,Female,15–44,Idaho,Adams County,16,003,0.0,≤4.6
Primary and secondary syphilis,2023,Female,15–44,Idaho,Bannock County,16,005,5.2,>4.6
Primary and secondary syphilis,2023,Female,15–44,Idaho,Bear Lake County,16,007,0.0,≤4.6
Primary and secondary syphilis,2023,Female,15–44,Idaho,Benewah County,16,009,0.0,≤4.6
Primary and secondary syphilis,2023,Female,15–44,Idaho,Bingham County,16,011,0.0,≤4.6
Primary and secondary syphilis,2023,Female,15–44,Idaho,Blaine County,16,013,0.0,≤4.6
Primary and secondary syphilis,2023,Female,15–44,Idaho,Boise County,16,015,0.0,≤4.6
Primary and secondary syphilis,2023,Female,15–44,Idaho,Bonner County,16,017,0.0,≤4.6
Primary and secondary syphilis,2023,Female,15–44,Idaho,Bonneville County,16,019,0.0,≤4.6
Primary and secondary syphilis,2023,Female,15–44,Idaho,Boundary County,16,021,0.0,≤4.6
Primary and secondary syphilis,2023,Female,15–44,Idaho,Butte County,16,023,0.0,≤4.6
Primary and secondary syphilis,2023,Female,15–44,Idaho,Camas County,16,025,0.0,≤4.6
Primary and secondary syphilis,2023,Female,15–44,Idaho,Canyon County,16,027,5.7,>4.6
Primary and secondary syphilis,2023,Female,15–44,Idaho,Caribou County,16,029,0.0,≤4.6
Primary and secondary syphilis,2023,Female,15–44,Idaho,Cassia County,16,031,0.0,≤4.6
Primary and secondary syphilis,2023,Female,15–44,Idaho,Clark County,16,033,0.0,≤4.6
Primary and secondary syphilis,2023,Female,15–44,Idaho,Clearwater County,16,035,0.0,≤4.6
Primary and secondary syphilis,2023,Female,15–44,Idaho,Custer County,16,037,0.0,≤4.6
Primary and secondary syphilis,2023,Female,15–44,Idaho,Elmore County,16,039,17.2,>4.6
Primary and secondary syphilis,2023,Female,15–44,Idaho,Franklin County,16,041,0.0,≤4.6
Primary and secondary syphilis,2023,Female,15–44,Idaho,Fremont County,16,043,0.0,≤4.6
Primary and secondary syphilis,2023,Female,15–44,Idaho,Gem County,16,045,0.0,≤4.6
Primary and secondary syphilis,2023,Female,15–44,Idaho,Gooding County,16,047,0.0,≤4.6
Primary and secondary syphilis,2023,Female,15–44,Idaho,Idaho County,16,049,0.0,≤4.6
Primary and secondary syphilis,2023,Female,15–44,Idaho,Jefferson County,16,051,0.0,≤4.6
Primary and secondary syphilis,2023,Female,15–44,Idaho,Jerome County,16,053,20.3,>4.6
Primary and secondary syphilis,2023,Female,15–44,Idaho,Kootenai County,16,055,6.0,>4.6
Primary and secondary syphilis,2023,Female,15–44,Idaho,Latah County,16,057,0.0,≤4.6
Primary and secondary syphilis,2023,Female,15–44,Idaho,Lemhi County,16,059,0.0,≤4.6
Primary and secondary syphilis,2023,Female,15–44,Idaho,Lewis County,16,061,0.0,≤4.6
Primary and secondary syphilis,2023,Female,15–44,Idaho,Lincoln County,16,063,0.0,≤4.6
Primary and secondary syphilis,2023,Female,15–44,Idaho,Madison County,16,065,0.0,≤4.6
Primary and secondary syphilis,2023,Female,15–44,Idaho,Minidoka County,16,067,23.5,>4.6
Primary and secondary syphilis,2023,Female,15–44,Idaho,Nez Perce County,16,069,0.0,≤4.6
Primary and secondary syphilis,2023,Female,15–44,Idaho,Oneida County,16,071,0.0,≤4.6
Primary and secondary syphilis,2023,Female,15–44,Idaho,Owyhee County,16,073,43.8,>4.6
Primary and secondary syphilis,2023,Female,15–44,Idaho,Payette County,16,075,0.0,≤4.6
Primary and secondary syphilis,2023,Female,15–44,Idaho,Power County,16,077,0.0,≤4.6
Primary and secondary syphilis,2023,Female,15–44,Idaho,Shoshone County,16,079,0.0,≤4.6
Primary and secondary syphilis,2023,Female,15–44,Idaho,Teton County,16,081,0.0,≤4.6
Primary and secondary syphilis,2023,Female,15–44,Idaho,Twin Falls County,16,083,5.2,>4.6
Primary and secondary syphilis,2023,Female,15–44,Idaho,Valley County,16,085,0.0,≤4.6
Primary and secondary syphilis,2023,Female,15–44,Idaho,Washington County,16,087,0.0,≤4.6
Primary and secondary syphilis,2023,Female,15–44,Illinois,Adams County,17,001,0.0,≤4.6
Primary and secondary syphilis,2023,Female,15–44,Illinois,Alexander County,17,003,0.0,≤4.6
Primary and secondary syphilis,2023,Female,15–44,Illinois,Bond County,17,005,0.0,≤4.6
Primary and secondary syphilis,2023,Female,15–44,Illinois,Boone County,17,007,0.0,≤4.6
Primary and secondary syphilis,2023,Female,15–44,Illinois,Brown County,17,009,0.0,≤4.6
Primary and secondary syphilis,2023,Female,15–44,Illinois,Bureau County,17,011,0.0,≤4.6
Primary and secondary syphilis,2023,Female,15–44,Illinois,Calhoun County,17,013,0.0,≤4.6
Primary and secondary syphilis,2023,Female,15–44,Illinois,Carroll County,17,015,46.7,>4.6
Primary and secondary syphilis,2023,Female,15–44,Illinois,Cass County,17,017,0.0,≤4.6
Primary and secondary syphilis,2023,Female,15–44,Illinois,Champaign County,17,019,5.9,>4.6
Primary and secondary syphilis,2023,Female,15–44,Illinois,Christian County,17,021,0.0,≤4.6
Primary and secondary syphilis,2023,Female,15–44,Illinois,Clark County,17,023,0.0,≤4.6
Primary and secondary syphilis,2023,Female,15–44,Illinois,Clay County,17,025,0.0,≤4.6
Primary and secondary syphilis,2023,Female,15–44,Illinois,Clinton County,17,027,0.0,≤4.6
Primary and secondary syphilis,2023,Female,15–44,Illinois,Coles County,17,029,0.0,≤4.6
Primary and secondary syphilis,2023,Female,15–44,Illinois,Cook County,17,031,16.5,>4.6
Primary and secondary syphilis,2023,Female,15–44,Illinois,Crawford County,17,033,0.0,≤4.6
Primary and secondary syphilis,2023,Female,15–44,Illinois,Cumberland County,17,035,0.0,≤4.6
Primary and secondary syphilis,2023,Female,15–44,Illinois,DeKalb County,17,037,0.0,≤4.6
Primary and secondary syphilis,2023,Female,15–44,Illinois,De Witt County,17,039,0.0,≤4.6
Primary and secondary syphilis,2023,Female,15–44,Illinois,Douglas County,17,041,0.0,≤4.6
Primary and secondary syphilis,2023,Female,15–44,Illinois,DuPage County,17,043,1.2,≤4.6
Primary and secondary syphilis,2023,Female,15–44,Illinois,Edgar County,17,045,0.0,≤4.6
Primary and secondary syphilis,2023,Female,15–44,Illinois,Edwards County,17,047,0.0,≤4.6
Primary and secondary syphilis,2023,Female,15–44,Illinois,Effingham County,17,049,0.0,≤4.6
Primary and secondary syphilis,2023,Female,15–44,Illinois,Fayette County,17,051,30.4,>4.6
Primary and secondary syphilis,2023,Female,15–44,Illinois,Ford County,17,053,0.0,≤4.6
Primary and secondary syphilis,2023,Female,15–44,Illinois,Franklin County,17,055,80.3,>4.6
Primary and secondary syphilis,2023,Female,15–44,Illinois,Fulton County,17,057,0.0,≤4.6
Primary and secondary syphilis,2023,Female,15–44,Illinois,Gallatin County,17,059,0.0,≤4.6
Primary and secondary syphilis,2023,Female,15–44,Illinois,Greene County,17,061,0.0,≤4.6
Primary and secondary syphilis,2023,Female,15–44,Illinois,Grundy County,17,063,0.0,≤4.6
Primary and secondary syphilis,2023,Female,15–44,Illinois,Hamilton County,17,065,0.0,≤4.6
Primary and secondary syphilis,2023,Female,15–44,Illinois,Hancock County,17,067,0.0,≤4.6
Primary and secondary syphilis,2023,Female,15–44,Illinois,Hardin County,17,069,,Unavailable/suppressed
Primary and secondary syphilis,2023,Female,15–44,Illinois,Henderson County,17,071,0.0,≤4.6
Primary and secondary syphilis,2023,Female,15–44,Illinois,Henry County,17,073,0.0,≤4.6
Primary and secondary syphilis,2023,Female,15–44,Illinois,Iroquois County,17,075,23.5,>4.6
Primary and secondary syphilis,2023,Female,15–44,Illinois,Jackson County,17,077,57.6,>4.6
Primary and secondary syphilis,2023,Female,15–44,Illinois,Jasper County,17,079,0.0,≤4.6
Primary and secondary syphilis,2023,Female,15–44,Illinois,Jefferson County,17,081,16.9,>4.6
Primary and secondary syphilis,2023,Female,15–44,Illinois,Jersey County,17,083,0.0,≤4.6
Primary and secondary syphilis,2023,Female,15–44,Illinois,Jo Daviess County,17,085,0.0,≤4.6
Primary and secondary syphilis,2023,Female,15–44,Illinois,Johnson County,17,087,0.0,≤4.6
Primary and secondary syphilis,2023,Female,15–44,Illinois,Kane County,17,089,3.1,≤4.6
Primary and secondary syphilis,2023,Female,15–44,Illinois,Kankakee County,17,091,9.7,>4.6
Primary and secondary syphilis,2023,Female,15–44,Illinois,Kendall County,17,093,3.4,≤4.6
Primary and secondary syphilis,2023,Female,15–44,Illinois,Knox County,17,095,0.0,≤4.6
Primary and secondary syphilis,2023,Female,15–44,Illinois,Lake County,17,097,5.3,>4.6
Primary and secondary syphilis,2023,Female,15–44,Illinois,LaSalle County,17,099,10.7,>4.6
Primary and secondary syphilis,2023,Female,15–44,Illinois,Lawrence County,17,101,0.0,≤4.6
Primary and secondary syphilis,2023,Female,15–44,Illinois,Lee County,17,103,38.6,>4.6
Primary and secondary syphilis,2023,Female,15–44,Illinois,Livingston County,17,105,0.0,≤4.6
Primary and secondary syphilis,2023,Female,15–44,Illinois,Logan County,17,107,19.8,>4.6
Primary and secondary syphilis,2023,Female,15–44,Illinois,McDonough County,17,109,33.0,>4.6
Primary and secondary syphilis,2023,Female,15–44,Illinois,McHenry County,17,111,0.0,≤4.6
Primary and secondary syphilis,2023,Female,15–44,Illinois,McLean County,17,113,2.5,≤4.6
Primary and secondary syphilis,2023,Female,15–44,Illinois,Macon County,17,115,91.4,>4.6
Primary and secondary syphilis,2023,Female,15–44,Illinois,Macoupin County,17,117,26.8,>4.6
Primary and secondary syphilis,2023,Female,15–44,Illinois,Madison County,17,119,23.6,>4.6
Primary and secondary syphilis,2023,Female,15–44,Illinois,Marion County,17,121,0.0,≤4.6
Primary and secondary syphilis,2023,Female,15–44,Illinois,Marshall County,17,123,0.0,≤4.6
Primary and secondary syphilis,2023,Female,15–44,Illinois,Mason County,17,125,0.0,≤4.6
Primary and secondary syphilis,2023,Female,15–44,Illinois,Massac County,17,127,0.0,≤4.6
Primary and secondary syphilis,2023,Female,15–44,Illinois,Menard County,17,129,0.0,≤4.6
Primary and secondary syphilis,2023,Female,15–44,Illinois,Mercer County,17,131,0.0,≤4.6
Primary and secondary syphilis,2023,Female,15–44,Illinois,Monroe County,17,133,0.0,≤4.6
Primary and secondary syphilis,2023,Female,15–44,Illinois,Montgomery County,17,135,0.0,≤4.6
Primary and secondary syphilis,2023,Female,15–44,Illinois,Morgan County,17,137,18.0,>4.6
Primary and secondary syphilis,2023,Female,15–44,Illinois,Moultrie County,17,139,0.0,≤4.6
Primary and secondary syphilis,2023,Female,15–44,Illinois,Ogle County,17,141,0.0,≤4.6
Primary and secondary syphilis,2023,Female,15–44,Illinois,Peoria County,17,143,26.1,>4.6
Primary and secondary syphilis,2023,Female,15–44,Illinois,Perry County,17,145,100.2,>4.6
Primary and secondary syphilis,2023,Female,15–44,Illinois,Piatt County,17,147,0.0,≤4.6
Primary and secondary syphilis,2023,Female,15–44,Illinois,Pike County,17,149,0.0,≤4.6
Primary and secondary syphilis,2023,Female,15–44,Illinois,Pope County,17,151,0.0,≤4.6
Primary and secondary syphilis,2023,Female,15–44,Illinois,Pulaski County,17,153,,Unavailable/suppressed
Primary and secondary syphilis,2023,Female,15–44,Illinois,Putnam County,17,155,0.0,≤4.6
Primary and secondary syphilis,2023,Female,15–44,Illinois,Randolph County,17,157,22.5,>4.6
Primary and secondary syphilis,2023,Female,15–44,Illinois,Richland County,17,159,,Unavailable/suppressed
Primary and secondary syphilis,2023,Female,15–44,Illinois,Rock Island County,17,161,23.2,>4.6
Primary and secondary syphilis,2023,Female,15–44,Illinois,St. Clair County,17,163,32.9,>4.6
Primary and secondary syphilis,2023,Female,15–44,Illinois,Saline County,17,165,25.5,>4.6
Primary and secondary syphilis,2023,Female,15–44,Illinois,Sangamon County,17,167,8.2,>4.6
Primary and secondary syphilis,2023,Female,15–44,Illinois,Schuyler County,17,169,0.0,≤4.6
Primary and secondary syphilis,2023,Female,15–44,Illinois,Scott County,17,171,0.0,≤4.6
Primary and secondary syphilis,2023,Female,15–44,Illinois,Shelby County,17,173,30.9,>4.6
Primary and secondary syphilis,2023,Female,15–44,Illinois,Stark County,17,175,0.0,≤4.6
Primary and secondary syphilis,2023,Female,15–44,Illinois,Stephenson County,17,177,14.2,>4.6
Primary and secondary syphilis,2023,Female,15–44,Illinois,Tazewell County,17,179,12.9,>4.6
Primary and secondary syphilis,2023,Female,15–44,Illinois,Union County,17,181,37.3,>4.6
Primary and secondary syphilis,2023,Female,15–44,Illinois,Vermilion County,17,183,8.1,>4.6
Primary and secondary syphilis,2023,Female,15–44,Illinois,Wabash County,17,185,0.0,≤4.6
Primary and secondary syphilis,2023,Female,15–44,Illinois,Warren County,17,187,0.0,≤4.6
Primary and secondary syphilis,2023,Female,15–44,Illinois,Washington County,17,189,0.0,≤4.6
Primary and secondary syphilis,2023,Female,15–44,Illinois,Wayne County,17,191,0.0,≤4.6
Primary and secondary syphilis,2023,Female,15–44,Illinois,White County,17,193,45.5,>4.6
Primary and secondary syphilis,2023,Female,15–44,Illinois,Whiteside County,17,195,11.0,>4.6
Primary and secondary syphilis,2023,Female,15–44,Illinois,Will County,17,197,4.4,≤4.6
Primary and secondary syphilis,2023,Female,15–44,Illinois,Williamson County,17,199,34.2,>4.6
Primary and secondary syphilis,2023,Female,15–44,Illinois,Winnebago County,17,201,26.5,>4.6
Primary and secondary syphilis,2023,Female,15–44,Illinois,Woodford County,17,203,0.0,≤4.6
Primary and secondary syphilis,2023,Female,15–44,Indiana,Adams County,18,001,0.0,≤4.6
Primary and secondary syphilis,2023,Female,15–44,Indiana,Allen County,18,003,3.8,≤4.6
Primary and secondary syphilis,2023,Female,15–44,Indiana,Bartholomew County,18,005,0.0,≤4.6
Primary and secondary syphilis,2023,Female,15–44,Indiana,Benton County,18,007,0.0,≤4.6
Primary and secondary syphilis,2023,Female,15–44,Indiana,Blackford County,18,009,0.0,≤4.6
Primary and secondary syphilis,2023,Female,15–44,Indiana,Boone County,18,011,0.0,≤4.6
Primary and secondary syphilis,2023,Female,15–44,Indiana,Brown County,18,013,0.0,≤4.6
Primary and secondary syphilis,2023,Female,15–44,Indiana,Carroll County,18,015,0.0,≤4.6
Primary and secondary syphilis,2023,Female,15–44,Indiana,Cass County,18,017,30.4,>4.6
Primary and secondary syphilis,2023,Female,15–44,Indiana,Clark County,18,019,32.7,>4.6
Primary and secondary syphilis,2023,Female,15–44,Indiana,Clay County,18,021,0.0,≤4.6
Primary and secondary syphilis,2023,Female,15–44,Indiana,Clinton County,18,023,0.0,≤4.6
Primary and secondary syphilis,2023,Female,15–44,Indiana,Crawford County,18,025,0.0,≤4.6
Primary and secondary syphilis,2023,Female,15–44,Indiana,Daviess County,18,027,33.0,>4.6
Primary and secondary syphilis,2023,Female,15–44,Indiana,Dearborn County,18,029,0.0,≤4.6
Primary and secondary syphilis,2023,Female,15–44,Indiana,Decatur County,18,031,21.3,>4.6
Primary and secondary syphilis,2023,Female,15–44,Indiana,DeKalb County,18,033,0.0,≤4.6
Primary and secondary syphilis,2023,Female,15–44,Indiana,Delaware County,18,035,7.7,>4.6
Primary and secondary syphilis,2023,Female,15–44,Indiana,Dubois County,18,037,0.0,≤4.6
Primary and secondary syphilis,2023,Female,15–44,Indiana,Elkhart County,18,039,2.5,≤4.6
Primary and secondary syphilis,2023,Female,15–44,Indiana,Fayette County,18,041,0.0,≤4.6
Primary and secondary syphilis,2023,Female,15–44,Indiana,Floyd County,18,043,12.9,>4.6
Primary and secondary syphilis,2023,Female,15–44,Indiana,Fountain County,18,045,0.0,≤4.6
Primary and secondary syphilis,2023,Female,15–44,Indiana,Franklin County,18,047,0.0,≤4.6
Primary and secondary syphilis,2023,Female,15–44,Indiana,Fulton County,18,049,0.0,≤4.6
Primary and secondary syphilis,2023,Female,15–44,Indiana,Gibson County,18,051,0.0,≤4.6
Primary and secondary syphilis,2023,Female,15–44,Indiana,Grant County,18,053,0.0,≤4.6
Primary and secondary syphilis,2023,Female,15–44,Indiana,Greene County,18,055,19.0,>4.6
Primary and secondary syphilis,2023,Female,15–44,Indiana,Hamilton County,18,057,0.0,≤4.6
Primary and secondary syphilis,2023,Female,15–44,Indiana,Hancock County,18,059,6.2,>4.6
Primary and secondary syphilis,2023,Female,15–44,Indiana,Harrison County,18,061,28.7,>4.6
Primary and secondary syphilis,2023,Female,15–44,Indiana,Hendricks County,18,063,2.8,≤4.6
Primary and secondary syphilis,2023,Female,15–44,Indiana,Henry County,18,065,0.0,≤4.6
Primary and secondary syphilis,2023,Female,15–44,Indiana,Howard County,18,067,6.5,>4.6
Primary and secondary syphilis,2023,Female,15–44,Indiana,Huntington County,18,069,0.0,≤4.6
Primary and secondary syphilis,2023,Female,15–44,Indiana,Jackson County,18,071,12.1,>4.6
Primary and secondary syphilis,2023,Female,15–44,Indiana,Jasper County,18,073,0.0,≤4.6
Primary and secondary syphilis,2023,Female,15–44,Indiana,Jay County,18,075,0.0,≤4.6
Primary and secondary syphilis,2023,Female,15–44,Indiana,Jefferson County,18,077,0.0,≤4.6
Primary and secondary syphilis,2023,Female,15–44,Indiana,Jennings County,18,079,20.5,>4.6
Primary and secondary syphilis,2023,Female,15–44,Indiana,Johnson County,18,081,3.0,≤4.6
Primary and secondary syphilis,2023,Female,15–44,Indiana,Knox County,18,083,15.2,>4.6
Primary and secondary syphilis,2023,Female,15–44,Indiana,Kosciusko County,18,085,0.0,≤4.6
Primary and secondary syphilis,2023,Female,15–44,Indiana,LaGrange County,18,087,0.0,≤4.6
Primary and secondary syphilis,2023,Female,15–44,Indiana,Lake County,18,089,11.5,>4.6
Primary and secondary syphilis,2023,Female,15–44,Indiana,LaPorte County,18,091,10.8,>4.6
Primary and secondary syphilis,2023,Female,15–44,Indiana,Lawrence County,18,093,0.0,≤4.6
Primary and secondary syphilis,2023,Female,15–44,Indiana,Madison County,18,095,37.4,>4.6
Primary and secondary syphilis,2023,Female,15–44,Indiana,Marion County,18,097,21.3,>4.6
Primary and secondary syphilis,2023,Female,15–44,Indiana,Marshall County,18,099,12.4,>4.6
Primary and secondary syphilis,2023,Female,15–44,Indiana,Martin County,18,101,0.0,≤4.6
Primary and secondary syphilis,2023,Female,15–44,Indiana,Miami County,18,103,0.0,≤4.6
Primary and secondary syphilis,2023,Female,15–44,Indiana,Monroe County,18,105,0.0,≤4.6
Primary and secondary syphilis,2023,Female,15–44,Indiana,Montgomery County,18,107,0.0,≤4.6
Primary and secondary syphilis,2023,Female,15–44,Indiana,Morgan County,18,109,7.8,>4.6
Primary and secondary syphilis,2023,Female,15–44,Indiana,Newton County,18,111,0.0,≤4.6
Primary and secondary syphilis,2023,Female,15–44,Indiana,Noble County,18,113,0.0,≤4.6
Primary and secondary syphilis,2023,Female,15–44,Indiana,Ohio County,18,115,0.0,≤4.6
Primary and secondary syphilis,2023,Female,15–44,Indiana,Orange County,18,117,0.0,≤4.6
Primary and secondary syphilis,2023,Female,15–44,Indiana,Owen County,18,119,0.0,≤4.6
Primary and secondary syphilis,2023,Female,15–44,Indiana,Parke County,18,121,31.8,>4.6
Primary and secondary syphilis,2023,Female,15–44,Indiana,Perry County,18,123,0.0,≤4.6
Primary and secondary syphilis,2023,Female,15–44,Indiana,Pike County,18,125,0.0,≤4.6
Primary and secondary syphilis,2023,Female,15–44,Indiana,Porter County,18,127,0.0,≤4.6
Primary and secondary syphilis,2023,Female,15–44,Indiana,Posey County,18,129,0.0,≤4.6
Primary and secondary syphilis,2023,Female,15–44,Indiana,Pulaski County,18,131,0.0,≤4.6
Primary and secondary syphilis,2023,Female,15–44,Indiana,Putnam County,18,133,0.0,≤4.6
Primary and secondary syphilis,2023,Female,15–44,Indiana,Randolph County,18,135,0.0,≤4.6
Primary and secondary syphilis,2023,Female,15–44,Indiana,Ripley County,18,137,0.0,≤4.6
Primary and secondary syphilis,2023,Female,15–44,Indiana,Rush County,18,139,0.0,≤4.6
Primary and secondary syphilis,2023,Female,15–44,Indiana,St. Joseph County,18,141,3.5,≤4.6
Primary and secondary syphilis,2023,Female,15–44,Indiana,Scott County,18,143,0.0,≤4.6
Primary and secondary syphilis,2023,Female,15–44,Indiana,Shelby County,18,145,0.0,≤4.6
Primary and secondary syphilis,2023,Female,15–44,Indiana,Spencer County,18,147,30.5,>4.6
Primary and secondary syphilis,2023,Female,15–44,Indiana,Starke County,18,149,0.0,≤4.6
Primary and secondary syphilis,2023,Female,15–44,Indiana,Steuben County,18,151,0.0,≤4.6
Primary and secondary syphilis,2023,Female,15–44,Indiana,Sullivan County,18,153,0.0,≤4.6
Primary and secondary syphilis,2023,Female,15–44,Indiana,Switzerland County,18,155,0.0,≤4.6
Primary and secondary syphilis,2023,Female,15–44,Indiana,Tippecanoe County,18,157,2.2,≤4.6
Primary and secondary syphilis,2023,Female,15–44,Indiana,Tipton County,18,159,0.0,≤4.6
Primary and secondary syphilis,2023,Female,15–44,Indiana,Union County,18,161,0.0,≤4.6
Primary and secondary syphilis,2023,Female,15–44,Indiana,Vanderburgh County,18,163,19.4,>4.6
Primary and secondary syphilis,2023,Female,15–44,Indiana,Vermillion County,18,165,0.0,≤4.6
Primary and secondary syphilis,2023,Female,15–44,Indiana,Vigo County,18,167,27.8,>4.6
Primary and secondary syphilis,2023,Female,15–44,Indiana,Wabash County,18,169,0.0,≤4.6
Primary and secondary syphilis,2023,Female,15–44,Indiana,Warren County,18,171,0.0,≤4.6
Primary and secondary syphilis,2023,Female,15–44,Indiana,Warrick County,18,173,16.6,>4.6
Primary and secondary syphilis,2023,Female,15–44,Indiana,Washington County,18,175,0.0,≤4.6
Primary and secondary syphilis,2023,Female,15–44,Indiana,Wayne County,18,177,24.9,>4.6
Primary and secondary syphilis,2023,Female,15–44,Indiana,Wells County,18,179,19.9,>4.6
Primary and secondary syphilis,2023,Female,15–44,Indiana,White County,18,181,0.0,≤4.6
Primary and secondary syphilis,2023,Female,15–44,Indiana,Whitley County,18,183,0.0,≤4.6
Primary and secondary syphilis,2023,Female,15–44,Iowa,Adair County,19,001,0.0,≤4.6
Primary and secondary syphilis,2023,Female,15–44,Iowa,Adams County,19,003,0.0,≤4.6
Primary and secondary syphilis,2023,Female,15–44,Iowa,Allamakee County,19,005,0.0,≤4.6
Primary and secondary syphilis,2023,Female,15–44,Iowa,Appanoose County,19,007,0.0,≤4.6
Primary and secondary syphilis,2023,Female,15–44,Iowa,Audubon County,19,009,115.5,>4.6
Primary and secondary syphilis,2023,Female,15–44,Iowa,Benton County,19,011,0.0,≤4.6
Primary and secondary syphilis,2023,Female,15–44,Iowa,Black Hawk County,19,013,18.0,>4.6
Primary and secondary syphilis,2023,Female,15–44,Iowa,Boone County,19,015,0.0,≤4.6
Primary and secondary syphilis,2023,Female,15–44,Iowa,Bremer County,19,017,0.0,≤4.6
Primary and secondary syphilis,2023,Female,15–44,Iowa,Buchanan County,19,019,0.0,≤4.6
Primary and secondary syphilis,2023,Female,15–44,Iowa,Buena Vista County,19,021,0.0,≤4.6
Primary and secondary syphilis,2023,Female,15–44,Iowa,Butler County,19,023,0.0,≤4.6
Primary and secondary syphilis,2023,Female,15–44,Iowa,Calhoun County,19,025,0.0,≤4.6
Primary and secondary syphilis,2023,Female,15–44,Iowa,Carroll County,19,027,0.0,≤4.6
Primary and secondary syphilis,2023,Female,15–44,Iowa,Cass County,19,029,47.3,>4.6
Primary and secondary syphilis,2023,Female,15–44,Iowa,Cedar County,19,031,0.0,≤4.6
Primary and secondary syphilis,2023,Female,15–44,Iowa,Cerro Gordo County,19,033,14.3,>4.6
Primary and secondary syphilis,2023,Female,15–44,Iowa,Cherokee County,19,035,0.0,≤4.6
Primary and secondary syphilis,2023,Female,15–44,Iowa,Chickasaw County,19,037,0.0,≤4.6
Primary and secondary syphilis,2023,Female,15–44,Iowa,Clarke County,19,039,0.0,≤4.6
Primary and secondary syphilis,2023,Female,15–44,Iowa,Clay County,19,041,0.0,≤4.6
Primary and secondary syphilis,2023,Female,15–44,Iowa,Clayton County,19,043,0.0,≤4.6
Primary and secondary syphilis,2023,Female,15–44,Iowa,Clinton County,19,045,25.2,>4.6
Primary and secondary syphilis,2023,Female,15–44,Iowa,Crawford County,19,047,0.0,≤4.6
Primary and secondary syphilis,2023,Female,15–44,Iowa,Dallas County,19,049,8.6,>4.6
Primary and secondary syphilis,2023,Female,15–44,Iowa,Davis County,19,051,0.0,≤4.6
Primary and secondary syphilis,2023,Female,15–44,Iowa,Decatur County,19,053,0.0,≤4.6
Primary and secondary syphilis,2023,Female,15–44,Iowa,Delaware County,19,055,0.0,≤4.6
Primary and secondary syphilis,2023,Female,15–44,Iowa,Des Moines County,19,057,0.0,≤4.6
Primary and secondary syphilis,2023,Female,15–44,Iowa,Dickinson County,19,059,0.0,≤4.6
Primary and secondary syphilis,2023,Female,15–44,Iowa,Dubuque County,19,061,10.8,>4.6
Primary and secondary syphilis,2023,Female,15–44,Iowa,Emmet County,19,063,0.0,≤4.6
Primary and secondary syphilis,2023,Female,15–44,Iowa,Fayette County,19,065,0.0,≤4.6
Primary and secondary syphilis,2023,Female,15–44,Iowa,Floyd County,19,067,0.0,≤4.6
Primary and secondary syphilis,2023,Female,15–44,Iowa,Franklin County,19,069,0.0,≤4.6
Primary and secondary syphilis,2023,Female,15–44,Iowa,Fremont County,19,071,0.0,≤4.6
Primary and secondary syphilis,2023,Female,15–44,Iowa,Greene County,19,073,0.0,≤4.6
Primary and secondary syphilis,2023,Female,15–44,Iowa,Grundy County,19,075,0.0,≤4.6
Primary and secondary syphilis,2023,Female,15–44,Iowa,Guthrie County,19,077,0.0,≤4.6
Primary and secondary syphilis,2023,Female,15–44,Iowa,Hamilton County,19,079,0.0,≤4.6
Primary and secondary syphilis,2023,Female,15–44,Iowa,Hancock County,19,081,59.8,>4.6
Primary and secondary syphilis,2023,Female,15–44,Iowa,Hardin County,19,083,37.6,>4.6
Primary and secondary syphilis,2023,Female,15–44,Iowa,Harrison County,19,085,0.0,≤4.6
Primary and secondary syphilis,2023,Female,15–44,Iowa,Henry County,19,087,0.0,≤4.6
Primary and secondary syphilis,2023,Female,15–44,Iowa,Howard County,19,089,0.0,≤4.6
Primary and secondary syphilis,2023,Female,15–44,Iowa,Humboldt County,19,091,0.0,≤4.6
Primary and secondary syphilis,2023,Female,15–44,Iowa,Ida County,19,093,89.5,>4.6
Primary and secondary syphilis,2023,Female,15–44,Iowa,Iowa County,19,095,0.0,≤4.6
Primary and secondary syphilis,2023,Female,15–44,Iowa,Jackson County,19,097,0.0,≤4.6
Primary and secondary syphilis,2023,Female,15–44,Iowa,Jasper County,19,099,0.0,≤4.6
Primary and secondary syphilis,2023,Female,15–44,Iowa,Jefferson County,19,101,0.0,≤4.6
Primary and secondary syphilis,2023,Female,15–44,Iowa,Johnson County,19,103,7.5,>4.6
Primary and secondary syphilis,2023,Female,15–44,Iowa,Jones County,19,105,30.7,>4.6
Primary and secondary syphilis,2023,Female,15–44,Iowa,Keokuk County,19,107,0.0,≤4.6
Primary and secondary syphilis,2023,Female,15–44,Iowa,Kossuth County,19,109,0.0,≤4.6
Primary and secondary syphilis,2023,Female,15–44,Iowa,Lee County,19,111,0.0,≤4.6
Primary and secondary syphilis,2023,Female,15–44,Iowa,Linn County,19,113,22.3,>4.6
Primary and secondary syphilis,2023,Female,15–44,Iowa,Louisa County,19,115,0.0,≤4.6
Primary and secondary syphilis,2023,Female,15–44,Iowa,Lucas County,19,117,0.0,≤4.6
Primary and secondary syphilis,2023,Female,15–44,Iowa,Lyon County,19,119,0.0,≤4.6
Primary and secondary syphilis,2023,Female,15–44,Iowa,Madison County,19,121,0.0,≤4.6
Primary and secondary syphilis,2023,Female,15–44,Iowa,Mahaska County,19,123,26.4,>4.6
Primary and secondary syphilis,2023,Female,15–44,Iowa,Marion County,19,125,0.0,≤4.6
Primary and secondary syphilis,2023,Female,15–44,Iowa,Marshall County,19,127,13.8,>4.6
Primary and secondary syphilis,2023,Female,15–44,Iowa,Mills County,19,129,0.0,≤4.6
Primary and secondary syphilis,2023,Female,15–44,Iowa,Mitchell County,19,131,0.0,≤4.6
Primary and secondary syphilis,2023,Female,15–44,Iowa,Monona County,19,133,0.0,≤4.6
Primary and secondary syphilis,2023,Female,15–44,Iowa,Monroe County,19,135,0.0,≤4.6
Primary and secondary syphilis,2023,Female,15–44,Iowa,Montgomery County,19,137,0.0,≤4.6
Primary and secondary syphilis,2023,Female,15–44,Iowa,Muscatine County,19,139,13.2,>4.6
Primary and secondary syphilis,2023,Female,15–44,Iowa,O'Brien County,19,141,0.0,≤4.6
Primary and secondary syphilis,2023,Female,15–44,Iowa,Osceola County,19,143,0.0,≤4.6
Primary and secondary syphilis,2023,Female,15–44,Iowa,Page County,19,145,0.0,≤4.6
Primary and secondary syphilis,2023,Female,15–44,Iowa,Palo Alto County,19,147,0.0,≤4.6
Primary and secondary syphilis,2023,Female,15–44,Iowa,Plymouth County,19,149,0.0,≤4.6
Primary and secondary syphilis,2023,Female,15–44,Iowa,Pocahontas County,19,151,0.0,≤4.6
Primary and secondary syphilis,2023,Female,15–44,Iowa,Polk County,19,153,23.7,>4.6
Primary and secondary syphilis,2023,Female,15–44,Iowa,Pottawattamie County,19,155,35.3,>4.6
Primary and secondary syphilis,2023,Female,15–44,Iowa,Poweshiek County,19,157,0.0,≤4.6
Primary and secondary syphilis,2023,Female,15–44,Iowa,Ringgold County,19,159,0.0,≤4.6
Primary and secondary syphilis,2023,Female,15–44,Iowa,Sac County,19,161,0.0,≤4.6
Primary and secondary syphilis,2023,Female,15–44,Iowa,Scott County,19,163,17.8,>4.6
Primary and secondary syphilis,2023,Female,15–44,Iowa,Shelby County,19,165,0.0,≤4.6
Primary and secondary syphilis,2023,Female,15–44,Iowa,Sioux County,19,167,0.0,≤4.6
Primary and secondary syphilis,2023,Female,15–44,Iowa,Story County,19,169,4.0,≤4.6
Primary and secondary syphilis,2023,Female,15–44,Iowa,Tama County,19,171,74.4,>4.6
Primary and secondary syphilis,2023,Female,15–44,Iowa,Taylor County,19,173,0.0,≤4.6
Primary and secondary syphilis,2023,Female,15–44,Iowa,Union County,19,175,46.1,>4.6
Primary and secondary syphilis,2023,Female,15–44,Iowa,Van Buren County,19,177,0.0,≤4.6
Primary and secondary syphilis,2023,Female,15–44,Iowa,Wapello County,19,179,15.8,>4.6
Primary and secondary syphilis,2023,Female,15–44,Iowa,Warren County,19,181,0.0,≤4.6
Primary and secondary syphilis,2023,Female,15–44,Iowa,Washington County,19,183,0.0,≤4.6
Primary and secondary syphilis,2023,Female,15–44,Iowa,Wayne County,19,185,0.0,≤4.6
Primary and secondary syphilis,2023,Female,15–44,Iowa,Webster County,19,187,31.9,>4.6
Primary and secondary syphilis,2023,Female,15–44,Iowa,Winnebago County,19,189,0.0,≤4.6
Primary and secondary syphilis,2023,Female,15–44,Iowa,Winneshiek County,19,191,0.0,≤4.6
Primary and secondary syphilis,2023,Female,15–44,Iowa,Woodbury County,19,193,67.7,>4.6
Primary and secondary syphilis,2023,Female,15–44,Iowa,Worth County,19,195,0.0,≤4.6
Primary and secondary syphilis,2023,Female,15–44,Iowa,Wright County,19,197,0.0,≤4.6
Primary and secondary syphilis,2023,Female,15–44,Kansas,Allen County,20,001,0.0,≤4.6
Primary and secondary syphilis,2023,Female,15–44,Kansas,Anderson County,20,003,0.0,≤4.6
Primary and secondary syphilis,2023,Female,15–44,Kansas,Atchison County,20,005,0.0,≤4.6
Primary and secondary syphilis,2023,Female,15–44,Kansas,Barber County,20,007,0.0,≤4.6
Primary and secondary syphilis,2023,Female,15–44,Kansas,Barton County,20,009,0.0,≤4.6
Primary and secondary syphilis,2023,Female,15–44,Kansas,Bourbon County,20,011,39.5,>4.6
Primary and secondary syphilis,2023,Female,15–44,Kansas,Brown County,20,013,0.0,≤4.6
Primary and secondary syphilis,2023,Female,15–44,Kansas,Butler County,20,015,15.8,>4.6
Primary and secondary syphilis,2023,Female,15–44,Kansas,Chase County,20,017,0.0,≤4.6
Primary and secondary syphilis,2023,Female,15–44,Kansas,Chautauqua County,20,019,0.0,≤4.6
Primary and secondary syphilis,2023,Female,15–44,Kansas,Cherokee County,20,021,61.0,>4.6
Primary and secondary syphilis,2023,Female,15–44,Kansas,Cheyenne County,20,023,0.0,≤4.6
Primary and secondary syphilis,2023,Female,15–44,Kansas,Clark County,20,025,0.0,≤4.6
Primary and secondary syphilis,2023,Female,15–44,Kansas,Clay County,20,027,0.0,≤4.6
Primary and secondary syphilis,2023,Female,15–44,Kansas,Cloud County,20,029,67.5,>4.6
Primary and secondary syphilis,2023,Female,15–44,Kansas,Coffey County,20,031,0.0,≤4.6
Primary and secondary syphilis,2023,Female,15–44,Kansas,Comanche County,20,033,0.0,≤4.6
Primary and secondary syphilis,2023,Female,15–44,Kansas,Cowley County,20,035,16.0,>4.6
Primary and secondary syphilis,2023,Female,15–44,Kansas,Crawford County,20,037,12.1,>4.6
Primary and secondary syphilis,2023,Female,15–44,Kansas,Decatur County,20,039,0.0,≤4.6
Primary and secondary syphilis,2023,Female,15–44,Kansas,Dickinson County,20,041,0.0,≤4.6
Primary and secondary syphilis,2023,Female,15–44,Kansas,Doniphan County,20,043,0.0,≤4.6
Primary and secondary syphilis,2023,Female,15–44,Kansas,Douglas County,20,045,6.5,>4.6
Primary and secondary syphilis,2023,Female,15–44,Kansas,Edwards County,20,047,0.0,≤4.6
Primary and secondary syphilis,2023,Female,15–44,Kansas,Elk County,20,049,0.0,≤4.6
Primary and secondary syphilis,2023,Female,15–44,Kansas,Ellis County,20,051,0.0,≤4.6
Primary and secondary syphilis,2023,Female,15–44,Kansas,Ellsworth County,20,053,0.0,≤4.6
Primary and secondary syphilis,2023,Female,15–44,Kansas,Finney County,20,055,13.4,>4.6
Primary and secondary syphilis,2023,Female,15–44,Kansas,Ford County,20,057,15.9,>4.6
Primary and secondary syphilis,2023,Female,15–44,Kansas,Franklin County,20,059,42.2,>4.6
Primary and secondary syphilis,2023,Female,15–44,Kansas,Geary County,20,061,12.6,>4.6
Primary and secondary syphilis,2023,Female,15–44,Kansas,Gove County,20,063,0.0,≤4.6
Primary and secondary syphilis,2023,Female,15–44,Kansas,Graham County,20,065,0.0,≤4.6
Primary and secondary syphilis,2023,Female,15–44,Kansas,Grant County,20,067,0.0,≤4.6
Primary and secondary syphilis,2023,Female,15–44,Kansas,Gray County,20,069,0.0,≤4.6
Primary and secondary syphilis,2023,Female,15–44,Kansas,Greeley County,20,071,0.0,≤4.6
Primary and secondary syphilis,2023,Female,15–44,Kansas,Greenwood County,20,073,0.0,≤4.6
Primary and secondary syphilis,2023,Female,15–44,Kansas,Hamilton County,20,075,0.0,≤4.6
Primary and secondary syphilis,2023,Female,15–44,Kansas,Harper County,20,077,0.0,≤4.6
Primary and secondary syphilis,2023,Female,15–44,Kansas,Harvey County,20,079,16.7,>4.6
Primary and secondary syphilis,2023,Female,15–44,Kansas,Haskell County,20,081,0.0,≤4.6
Primary and secondary syphilis,2023,Female,15–44,Kansas,Hodgeman County,20,083,0.0,≤4.6
Primary and secondary syphilis,2023,Female,15–44,Kansas,Jackson County,20,085,0.0,≤4.6
Primary and secondary syphilis,2023,Female,15–44,Kansas,Jefferson County,20,087,0.0,≤4.6
Primary and secondary syphilis,2023,Female,15–44,Kansas,Jewell County,20,089,0.0,≤4.6
Primary and secondary syphilis,2023,Female,15–44,Kansas,Johnson County,20,091,10.6,>4.6
Primary and secondary syphilis,2023,Female,15–44,Kansas,Kearny County,20,093,0.0,≤4.6
Primary and secondary syphilis,2023,Female,15–44,Kansas,Kingman County,20,095,0.0,≤4.6
Primary and secondary syphilis,2023,Female,15–44,Kansas,Kiowa County,20,097,0.0,≤4.6
Primary and secondary syphilis,2023,Female,15–44,Kansas,Labette County,20,099,0.0,≤4.6
Primary and secondary syphilis,2023,Female,15–44,Kansas,Lane County,20,101,0.0,≤4.6
Primary and secondary syphilis,2023,Female,15–44,Kansas,Leavenworth County,20,103,13.9,>4.6
Primary and secondary syphilis,2023,Female,15–44,Kansas,Lincoln County,20,105,0.0,≤4.6
Primary and secondary syphilis,2023,Female,15–44,Kansas,Linn County,20,107,0.0,≤4.6
Primary and secondary syphilis,2023,Female,15–44,Kansas,Logan County,20,109,0.0,≤4.6
Primary and secondary syphilis,2023,Female,15–44,Kansas,Lyon County,20,111,13.6,>4.6
Primary and secondary syphilis,2023,Female,15–44,Kansas,McPherson County,20,113,0.0,≤4.6
Primary and secondary syphilis,2023,Female,15–44,Kansas,Marion County,20,115,0.0,≤4.6
Primary and secondary syphilis,2023,Female,15–44,Kansas,Marshall County,20,117,0.0,≤4.6
Primary and secondary syphilis,2023,Female,15–44,Kansas,Meade County,20,119,0.0,≤4.6
Primary and secondary syphilis,2023,Female,15–44,Kansas,Miami County,20,121,0.0,≤4.6
Primary and secondary syphilis,2023,Female,15–44,Kansas,Mitchell County,20,123,110.4,>4.6
Primary and secondary syphilis,2023,Female,15–44,Kansas,Montgomery County,20,125,0.0,≤4.6
Primary and secondary syphilis,2023,Female,15–44,Kansas,Morris County,20,127,0.0,≤4.6
Primary and secondary syphilis,2023,Female,15–44,Kansas,Morton County,20,129,0.0,≤4.6
Primary and secondary syphilis,2023,Female,15–44,Kansas,Nemaha County,20,131,0.0,≤4.6
Primary and secondary syphilis,2023,Female,15–44,Kansas,Neosho County,20,133,0.0,≤4.6
Primary and secondary syphilis,2023,Female,15–44,Kansas,Ness County,20,135,0.0,≤4.6
Primary and secondary syphilis,2023,Female,15–44,Kansas,Norton County,20,137,0.0,≤4.6
Primary and secondary syphilis,2023,Female,15–44,Kansas,Osage County,20,139,0.0,≤4.6
Primary and secondary syphilis,2023,Female,15–44,Kansas,Osborne County,20,141,0.0,≤4.6
Primary and secondary syphilis,2023,Female,15–44,Kansas,Ottawa County,20,143,0.0,≤4.6
Primary and secondary syphilis,2023,Female,15–44,Kansas,Pawnee County,20,145,0.0,≤4.6
Primary and secondary syphilis,2023,Female,15–44,Kansas,Phillips County,20,147,0.0,≤4.6
Primary and secondary syphilis,2023,Female,15–44,Kansas,Pottawatomie County,20,149,0.0,≤4.6
Primary and secondary syphilis,2023,Female,15–44,Kansas,Pratt County,20,151,0.0,≤4.6
Primary and secondary syphilis,2023,Female,15–44,Kansas,Rawlins County,20,153,0.0,≤4.6
Primary and secondary syphilis,2023,Female,15–44,Kansas,Reno County,20,155,0.0,≤4.6
Primary and secondary syphilis,2023,Female,15–44,Kansas,Republic County,20,157,0.0,≤4.6
Primary and secondary syphilis,2023,Female,15–44,Kansas,Rice County,20,159,0.0,≤4.6
Primary and secondary syphilis,2023,Female,15–44,Kansas,Riley County,20,161,0.0,≤4.6
Primary and secondary syphilis,2023,Female,15–44,Kansas,Rooks County,20,163,0.0,≤4.6
Primary and secondary syphilis,2023,Female,15–44,Kansas,Rush County,20,165,0.0,≤4.6
Primary and secondary syphilis,2023,Female,15–44,Kansas,Russell County,20,167,0.0,≤4.6
Primary and secondary syphilis,2023,Female,15–44,Kansas,Saline County,20,169,73.1,>4.6
Primary and secondary syphilis,2023,Female,15–44,Kansas,Scott County,20,171,0.0,≤4.6
Primary and secondary syphilis,2023,Female,15–44,Kansas,Sedgwick County,20,173,31.7,>4.6
Primary and secondary syphilis,2023,Female,15–44,Kansas,Seward County,20,175,0.0,≤4.6
Primary and secondary syphilis,2023,Female,15–44,Kansas,Shawnee County,20,177,71.7,>4.6
Primary and secondary syphilis,2023,Female,15–44,Kansas,Sheridan County,20,179,0.0,≤4.6
Primary and secondary syphilis,2023,Female,15–44,Kansas,Sherman County,20,181,97.2,>4.6
Primary and secondary syphilis,2023,Female,15–44,Kansas,Smith County,20,183,0.0,≤4.6
Primary and secondary syphilis,2023,Female,15–44,Kansas,Stafford County,20,185,0.0,≤4.6
Primary and secondary syphilis,2023,Female,15–44,Kansas,Stanton County,20,187,0.0,≤4.6
Primary and secondary syphilis,2023,Female,15–44,Kansas,Stevens County,20,189,0.0,≤4.6
Primary and secondary syphilis,2023,Female,15–44,Kansas,Sumner County,20,191,26.3,>4.6
Primary and secondary syphilis,2023,Female,15–44,Kansas,Thomas County,20,193,0.0,≤4.6
Primary and secondary syphilis,2023,Female,15–44,Kansas,Trego County,20,195,0.0,≤4.6
Primary and secondary syphilis,2023,Female,15–44,Kansas,Wabaunsee County,20,197,0.0,≤4.6
Primary and secondary syphilis,2023,Female,15–44,Kansas,Wallace County,20,199,0.0,≤4.6
Primary and secondary syphilis,2023,Female,15–44,Kansas,Washington County,20,201,0.0,≤4.6
Primary and secondary syphilis,2023,Female,15–44,Kansas,Wichita County,20,203,0.0,≤4.6
Primary and secondary syphilis,2023,Female,15–44,Kansas,Wilson County,20,205,0.0,≤4.6
Primary and secondary syphilis,2023,Female,15–44,Kansas,Woodson County,20,207,0.0,≤4.6
Primary and secondary syphilis,2023,Female,15–44,Kansas,Wyandotte County,20,209,32.5,>4.6
Primary and secondary syphilis,2023,Female,15–44,Kentucky,Adair County,21,001,0.0,≤4.6
Primary and secondary syphilis,2023,Female,15–44,Kentucky,Allen County,21,003,0.0,≤4.6
Primary and secondary syphilis,2023,Female,15–44,Kentucky,Anderson County,21,005,0.0,≤4.6
Primary and secondary syphilis,2023,Female,15–44,Kentucky,Ballard County,21,007,0.0,≤4.6
Primary and secondary syphilis,2023,Female,15–44,Kentucky,Barren County,21,009,24.5,>4.6
Primary and secondary syphilis,2023,Female,15–44,Kentucky,Bath County,21,011,0.0,≤4.6
Primary and secondary syphilis,2023,Female,15–44,Kentucky,Bell County,21,013,149.0,>4.6
Primary and secondary syphilis,2023,Female,15–44,Kentucky,Boone County,21,015,0.0,≤4.6
Primary and secondary syphilis,2023,Female,15–44,Kentucky,Bourbon County,21,017,0.0,≤4.6
Primary and secondary syphilis,2023,Female,15–44,Kentucky,Boyd County,21,019,0.0,≤4.6
Primary and secondary syphilis,2023,Female,15–44,Kentucky,Boyle County,21,021,0.0,≤4.6
Primary and secondary syphilis,2023,Female,15–44,Kentucky,Bracken County,21,023,0.0,≤4.6
Primary and secondary syphilis,2023,Female,15–44,Kentucky,Breathitt County,21,025,45.9,>4.6
Primary and secondary syphilis,2023,Female,15–44,Kentucky,Breckinridge County,21,027,0.0,≤4.6
Primary and secondary syphilis,2023,Female,15–44,Kentucky,Bullitt County,21,029,6.4,>4.6
Primary and secondary syphilis,2023,Female,15–44,Kentucky,Butler County,21,031,0.0,≤4.6
Primary and secondary syphilis,2023,Female,15–44,Kentucky,Caldwell County,21,033,0.0,≤4.6
Primary and secondary syphilis,2023,Female,15–44,Kentucky,Calloway County,21,035,22.6,>4.6
Primary and secondary syphilis,2023,Female,15–44,Kentucky,Campbell County,21,037,0.0,≤4.6
Primary and secondary syphilis,2023,Female,15–44,Kentucky,Carlisle County,21,039,0.0,≤4.6
Primary and secondary syphilis,2023,Female,15–44,Kentucky,Carroll County,21,041,0.0,≤4.6
Primary and secondary syphilis,2023,Female,15–44,Kentucky,Carter County,21,043,21.9,>4.6
Primary and secondary syphilis,2023,Female,15–44,Kentucky,Casey County,21,045,36.7,>4.6
Primary and secondary syphilis,2023,Female,15–44,Kentucky,Christian County,21,047,14.2,>4.6
Primary and secondary syphilis,2023,Female,15–44,Kentucky,Clark County,21,049,29.1,>4.6
Primary and secondary syphilis,2023,Female,15–44,Kentucky,Clay County,21,051,212.1,>4.6
Primary and secondary syphilis,2023,Female,15–44,Kentucky,Clinton County,21,053,0.0,≤4.6
Primary and secondary syphilis,2023,Female,15–44,Kentucky,Crittenden County,21,055,0.0,≤4.6
Primary and secondary syphilis,2023,Female,15–44,Kentucky,Cumberland County,21,057,0.0,≤4.6
Primary and secondary syphilis,2023,Female,15–44,Kentucky,Daviess County,21,059,20.5,>4.6
Primary and secondary syphilis,2023,Female,15–44,Kentucky,Edmonson County,21,061,46.9,>4.6
Primary and secondary syphilis,2023,Female,15–44,Kentucky,Elliott County,21,063,0.0,≤4.6
Primary and secondary syphilis,2023,Female,15–44,Kentucky,Estill County,21,065,84.0,>4.6
Primary and secondary syphilis,2023,Female,15–44,Kentucky,Fayette County,21,067,25.0,>4.6
Primary and secondary syphilis,2023,Female,15–44,Kentucky,Fleming County,21,069,0.0,≤4.6
Primary and secondary syphilis,2023,Female,15–44,Kentucky,Floyd County,21,071,16.9,>4.6
Primary and secondary syphilis,2023,Female,15–44,Kentucky,Franklin County,21,073,10.1,>4.6
Primary and secondary syphilis,2023,Female,15–44,Kentucky,Fulton County,21,075,0.0,≤4.6
Primary and secondary syphilis,2023,Female,15–44,Kentucky,Gallatin County,21,077,0.0,≤4.6
Primary and secondary syphilis,2023,Female,15–44,Kentucky,Garrard County,21,079,66.5,>4.6
Primary and secondary syphilis,2023,Female,15–44,Kentucky,Grant County,21,081,0.0,≤4.6
Primary and secondary syphilis,2023,Female,15–44,Kentucky,Graves County,21,083,0.0,≤4.6
Primary and secondary syphilis,2023,Female,15–44,Kentucky,Grayson County,21,085,0.0,≤4.6
Primary and secondary syphilis,2023,Female,15–44,Kentucky,Green County,21,087,0.0,≤4.6
Primary and secondary syphilis,2023,Female,15–44,Kentucky,Greenup County,21,089,16.8,>4.6
Primary and secondary syphilis,2023,Female,15–44,Kentucky,Hancock County,21,091,0.0,≤4.6
Primary and secondary syphilis,2023,Female,15–44,Kentucky,Hardin County,21,093,9.2,>4.6
Primary and secondary syphilis,2023,Female,15–44,Kentucky,Harlan County,21,095,44.9,>4.6
Primary and secondary syphilis,2023,Female,15–44,Kentucky,Harrison County,21,097,0.0,≤4.6
Primary and secondary syphilis,2023,Female,15–44,Kentucky,Hart County,21,099,29.4,>4.6
Primary and secondary syphilis,2023,Female,15–44,Kentucky,Henderson County,21,101,37.5,>4.6
Primary and secondary syphilis,2023,Female,15–44,Kentucky,Henry County,21,103,0.0,≤4.6
Primary and secondary syphilis,2023,Female,15–44,Kentucky,Hickman County,21,105,0.0,≤4.6
Primary and secondary syphilis,2023,Female,15–44,Kentucky,Hopkins County,21,107,12.3,>4.6
Primary and secondary syphilis,2023,Female,15–44,Kentucky,Jackson County,21,109,44.7,>4.6
Primary and secondary syphilis,2023,Female,15–44,Kentucky,Jefferson County,21,111,31.8,>4.6
Primary and secondary syphilis,2023,Female,15–44,Kentucky,Jessamine County,21,113,0.0,≤4.6
Primary and secondary syphilis,2023,Female,15–44,Kentucky,Johnson County,21,115,0.0,≤4.6
Primary and secondary syphilis,2023,Female,15–44,Kentucky,Kenton County,21,117,5.9,>4.6
Primary and secondary syphilis,2023,Female,15–44,Kentucky,Knott County,21,119,41.7,>4.6
Primary and secondary syphilis,2023,Female,15–44,Kentucky,Knox County,21,121,54.6,>4.6
Primary and secondary syphilis,2023,Female,15–44,Kentucky,Larue County,21,123,36.0,>4.6
Primary and secondary syphilis,2023,Female,15–44,Kentucky,Laurel County,21,125,42.3,>4.6
Primary and secondary syphilis,2023,Female,15–44,Kentucky,Lawrence County,21,127,36.5,>4.6
Primary and secondary syphilis,2023,Female,15–44,Kentucky,Lee County,21,129,0.0,≤4.6
Primary and secondary syphilis,2023,Female,15–44,Kentucky,Leslie County,21,131,60.0,>4.6
Primary and secondary syphilis,2023,Female,15–44,Kentucky,Letcher County,21,133,59.3,>4.6
Primary and secondary syphilis,2023,Female,15–44,Kentucky,Lewis County,21,135,0.0,≤4.6
Primary and secondary syphilis,2023,Female,15–44,Kentucky,Lincoln County,21,137,22.9,>4.6
Primary and secondary syphilis,2023,Female,15–44,Kentucky,Livingston County,21,139,0.0,≤4.6
Primary and secondary syphilis,2023,Female,15–44,Kentucky,Logan County,21,141,40.3,>4.6
Primary and secondary syphilis,2023,Female,15–44,Kentucky,Lyon County,21,143,0.0,≤4.6
Primary and secondary syphilis,2023,Female,15–44,Kentucky,McCracken County,21,145,8.2,>4.6
Primary and secondary syphilis,2023,Female,15–44,Kentucky,McCreary County,21,147,148.3,>4.6
Primary and secondary syphilis,2023,Female,15–44,Kentucky,McLean County,21,149,65.1,>4.6
Primary and secondary syphilis,2023,Female,15–44,Kentucky,Madison County,21,151,27.7,>4.6
Primary and secondary syphilis,2023,Female,15–44,Kentucky,Magoffin County,21,153,0.0,≤4.6
Primary and secondary syphilis,2023,Female,15–44,Kentucky,Marion County,21,155,0.0,≤4.6
Primary and secondary syphilis,2023,Female,15–44,Kentucky,Marshall County,21,157,0.0,≤4.6
Primary and secondary syphilis,2023,Female,15–44,Kentucky,Martin County,21,159,65.2,>4.6
Primary and secondary syphilis,2023,Female,15–44,Kentucky,Mason County,21,161,0.0,≤4.6
Primary and secondary syphilis,2023,Female,15–44,Kentucky,Meade County,21,163,17.5,>4.6
Primary and secondary syphilis,2023,Female,15–44,Kentucky,Menifee County,21,165,0.0,≤4.6
Primary and secondary syphilis,2023,Female,15–44,Kentucky,Mercer County,21,167,0.0,≤4.6
Primary and secondary syphilis,2023,Female,15–44,Kentucky,Metcalfe County,21,169,116.7,>4.6
Primary and secondary syphilis,2023,Female,15–44,Kentucky,Monroe County,21,171,0.0,≤4.6
Primary and secondary syphilis,2023,Female,15–44,Kentucky,Montgomery County,21,173,0.0,≤4.6
Primary and secondary syphilis,2023,Female,15–44,Kentucky,Morgan County,21,175,0.0,≤4.6
Primary and secondary syphilis,2023,Female,15–44,Kentucky,Muhlenberg County,21,177,0.0,≤4.6
Primary and secondary syphilis,2023,Female,15–44,Kentucky,Nelson County,21,179,11.4,>4.6
Primary and secondary syphilis,2023,Female,15–44,Kentucky,Nicholas County,21,181,0.0,≤4.6
Primary and secondary syphilis,2023,Female,15–44,Kentucky,Ohio County,21,183,0.0,≤4.6
Primary and secondary syphilis,2023,Female,15–44,Kentucky,Oldham County,21,185,0.0,≤4.6
Primary and secondary syphilis,2023,Female,15–44,Kentucky,Owen County,21,187,0.0,≤4.6
Primary and secondary syphilis,2023,Female,15–44,Kentucky,Owsley County,21,189,0.0,≤4.6
Primary and secondary syphilis,2023,Female,15–44,Kentucky,Pendleton County,21,191,0.0,≤4.6
Primary and secondary syphilis,2023,Female,15–44,Kentucky,Perry County,21,193,20.9,>4.6
Primary and secondary syphilis,2023,Female,15–44,Kentucky,Pike County,21,195,0.0,≤4.6
Primary and secondary syphilis,2023,Female,15–44,Kentucky,Powell County,21,197,166.3,>4.6
Primary and secondary syphilis,2023,Female,15–44,Kentucky,Pulaski County,21,199,17.3,>4.6
Primary and secondary syphilis,2023,Female,15–44,Kentucky,Robertson County,21,201,0.0,≤4.6
Primary and secondary syphilis,2023,Female,15–44,Kentucky,Rockcastle County,21,203,35.7,>4.6
Primary and secondary syphilis,2023,Female,15–44,Kentucky,Rowan County,21,205,0.0,≤4.6
Primary and secondary syphilis,2023,Female,15–44,Kentucky,Russell County,21,207,0.0,≤4.6
Primary and secondary syphilis,2023,Female,15–44,Kentucky,Scott County,21,209,0.0,≤4.6
Primary and secondary syphilis,2023,Female,15–44,Kentucky,Shelby County,21,211,10.4,>4.6
Primary and secondary syphilis,2023,Female,15–44,Kentucky,Simpson County,21,213,0.0,≤4.6
Primary and secondary syphilis,2023,Female,15–44,Kentucky,Spencer County,21,215,0.0,≤4.6
Primary and secondary syphilis,2023,Female,15–44,Kentucky,Taylor County,21,217,19.6,>4.6
Primary and secondary syphilis,2023,Female,15–44,Kentucky,Todd County,21,219,0.0,≤4.6
Primary and secondary syphilis,2023,Female,15–44,Kentucky,Trigg County,21,221,0.0,≤4.6
Primary and secondary syphilis,2023,Female,15–44,Kentucky,Trimble County,21,223,0.0,≤4.6
Primary and secondary syphilis,2023,Female,15–44,Kentucky,Union County,21,225,43.2,>4.6
Primary and secondary syphilis,2023,Female,15–44,Kentucky,Warren County,21,227,3.1,≤4.6
Primary and secondary syphilis,2023,Female,15–44,Kentucky,Washington County,21,229,0.0,≤4.6
Primary and secondary syphilis,2023,Female,15–44,Kentucky,Wayne County,21,231,31.2,>4.6
Primary and secondary syphilis,2023,Female,15–44,Kentucky,Webster County,21,233,0.0,≤4.6
Primary and secondary syphilis,2023,Female,15–44,Kentucky,Whitley County,21,235,84.2,>4.6
Primary and secondary syphilis,2023,Female,15–44,Kentucky,Wolfe County,21,237,94.2,>4.6
Primary and secondary syphilis,2023,Female,15–44,Kentucky,Woodford County,21,239,40.8,>4.6
Primary and secondary syphilis,2023,Female,15–44,Louisiana,Acadia Parish,22,001,0.0,≤4.6
Primary and secondary syphilis,2023,Female,15–44,Louisiana,Allen Parish,22,003,28.0,>4.6
Primary and secondary syphilis,2023,Female,15–44,Louisiana,Ascension Parish,22,005,11.1,>4.6
Primary and secondary syphilis,2023,Female,15–44,Louisiana,Assumption Parish,22,007,0.0,≤4.6
Primary and secondary syphilis,2023,Female,15–44,Louisiana,Avoyelles Parish,22,009,43.3,>4.6
Primary and secondary syphilis,2023,Female,15–44,Louisiana,Beauregard Parish,22,011,15.2,>4.6
Primary and secondary syphilis,2023,Female,15–44,Louisiana,Bienville Parish,22,013,93.2,>4.6
Primary and secondary syphilis,2023,Female,15–44,Louisiana,Bossier Parish,22,015,34.3,>4.6
Primary and secondary syphilis,2023,Female,15–44,Louisiana,Caddo Parish,22,017,73.0,>4.6
Primary and secondary syphilis,2023,Female,15–44,Louisiana,Calcasieu Parish,22,019,24.8,>4.6
Primary and secondary syphilis,2023,Female,15–44,Louisiana,Caldwell Parish,22,021,191.9,>4.6
Primary and secondary syphilis,2023,Female,15–44,Louisiana,Cameron Parish,22,023,0.0,≤4.6
Primary and secondary syphilis,2023,Female,15–44,Louisiana,Catahoula Parish,22,025,71.3,>4.6
Primary and secondary syphilis,2023,Female,15–44,Louisiana,Claiborne Parish,22,027,0.0,≤4.6
Primary and secondary syphilis,2023,Female,15–44,Louisiana,Concordia Parish,22,029,65.2,>4.6
Primary and secondary syphilis,2023,Female,15–44,Louisiana,De Soto Parish,22,031,20.1,>4.6
Primary and secondary syphilis,2023,Female,15–44,Louisiana,East Baton Rouge Parish,22,033,45.8,>4.6
Primary and secondary syphilis,2023,Female,15–44,Louisiana,East Carroll Parish,22,035,103.1,>4.6
Primary and secondary syphilis,2023,Female,15–44,Louisiana,East Feliciana Parish,22,037,35.2,>4.6
Primary and secondary syphilis,2023,Female,15–44,Louisiana,Evangeline Parish,22,039,17.3,>4.6
Primary and secondary syphilis,2023,Female,15–44,Louisiana,Franklin Parish,22,041,114.8,>4.6
Primary and secondary syphilis,2023,Female,15–44,Louisiana,Grant Parish,22,043,29.4,>4.6
Primary and secondary syphilis,2023,Female,15–44,Louisiana,Iberia Parish,22,045,15.8,>4.6
Primary and secondary syphilis,2023,Female,15–44,Louisiana,Iberville Parish,22,047,36.2,>4.6
Primary and secondary syphilis,2023,Female,15–44,Louisiana,Jackson Parish,22,049,0.0,≤4.6
Primary and secondary syphilis,2023,Female,15–44,Louisiana,Jefferson Parish,22,051,16.3,>4.6
Primary and secondary syphilis,2023,Female,15–44,Louisiana,Jefferson Davis Parish,22,053,17.2,>4.6
Primary and secondary syphilis,2023,Female,15–44,Louisiana,Lafayette Parish,22,055,28.8,>4.6
Primary and secondary syphilis,2023,Female,15–44,Louisiana,Lafourche Parish,22,057,16.4,>4.6
Primary and secondary syphilis,2023,Female,15–44,Louisiana,LaSalle Parish,22,059,120.7,>4.6
Primary and secondary syphilis,2023,Female,15–44,Louisiana,Lincoln Parish,22,061,32.6,>4.6
Primary and secondary syphilis,2023,Female,15–44,Louisiana,Livingston Parish,22,063,31.9,>4.6
Primary and secondary syphilis,2023,Female,15–44,Louisiana,Madison Parish,22,065,234.2,>4.6
Primary and secondary syphilis,2023,Female,15–44,Louisiana,Morehouse Parish,22,067,168.8,>4.6
Primary and secondary syphilis,2023,Female,15–44,Louisiana,Natchitoches Parish,22,069,50.2,>4.6
Primary and secondary syphilis,2023,Female,15–44,Louisiana,Orleans Parish,22,071,28.3,>4.6
Primary and secondary syphilis,2023,Female,15–44,Louisiana,Ouachita Parish,22,073,108.5,>4.6
Primary and secondary syphilis,2023,Female,15–44,Louisiana,Plaquemines Parish,22,075,0.0,≤4.6
Primary and secondary syphilis,2023,Female,15–44,Louisiana,Pointe Coupee Parish,22,077,29.4,>4.6
Primary and secondary syphilis,2023,Female,15–44,Louisiana,Rapides Parish,22,079,120.2,>4.6
Primary and secondary syphilis,2023,Female,15–44,Louisiana,Red River Parish,22,081,79.6,>4.6
Primary and secondary syphilis,2023,Female,15–44,Louisiana,Richland Parish,22,083,80.8,>4.6
Primary and secondary syphilis,2023,Female,15–44,Louisiana,Sabine Parish,22,085,79.0,>4.6
Primary and secondary syphilis,2023,Female,15–44,Louisiana,St. Bernard Parish,22,087,0.0,≤4.6
Primary and secondary syphilis,2023,Female,15–44,Louisiana,St. Charles Parish,22,089,20.6,>4.6
Primary and secondary syphilis,2023,Female,15–44,Louisiana,St. Helena Parish,22,091,48.8,>4.6
Primary and secondary syphilis,2023,Female,15–44,Louisiana,St. James Parish,22,093,0.0,≤4.6
Primary and secondary syphilis,2023,Female,15–44,Louisiana,St. John the Baptist Parish,22,095,12.9,>4.6
Primary and secondary syphilis,2023,Female,15–44,Louisiana,St. Landry Parish,22,097,19.7,>4.6
Primary and secondary syphilis,2023,Female,15–44,Louisiana,St. Martin Parish,22,099,83.4,>4.6
Primary and secondary syphilis,2023,Female,15–44,Louisiana,St. Mary Parish,22,101,24.1,>4.6
Primary and secondary syphilis,2023,Female,15–44,Louisiana,St. Tammany Parish,22,103,7.9,>4.6
Primary and secondary syphilis,2023,Female,15–44,Louisiana,Tangipahoa Parish,22,105,17.3,>4.6
Primary and secondary syphilis,2023,Female,15–44,Louisiana,Tensas Parish,22,107,0.0,≤4.6
Primary and secondary syphilis,2023,Female,15–44,Louisiana,Terrebonne Parish,22,109,5.1,>4.6
Primary and secondary syphilis,2023,Female,15–44,Louisiana,Union Parish,22,111,88.0,>4.6
Primary and secondary syphilis,2023,Female,15–44,Louisiana,Vermilion Parish,22,113,18.2,>4.6
Primary and secondary syphilis,2023,Female,15–44,Louisiana,Vernon Parish,22,115,10.6,>4.6
Primary and secondary syphilis,2023,Female,15–44,Louisiana,Washington Parish,22,117,62.8,>4.6
Primary and secondary syphilis,2023,Female,15–44,Louisiana,Webster Parish,22,119,47.4,>4.6
Primary and secondary syphilis,2023,Female,15–44,Louisiana,West Baton Rouge Parish,22,121,17.6,>4.6
Primary and secondary syphilis,2023,Female,15–44,Louisiana,West Carroll Parish,22,123,127.4,>4.6
Primary and secondary syphilis,2023,Female,15–44,Louisiana,West Feliciana Parish,22,125,59.6,>4.6
Primary and secondary syphilis,2023,Female,15–44,Louisiana,Winn Parish,22,127,0.0,≤4.6
Primary and secondary syphilis,2023,Female,15–44,Maine,Androscoggin County,23,001,9.1,>4.6
Primary and secondary syphilis,2023,Female,15–44,Maine,Aroostook County,23,003,9.9,>4.6
Primary and secondary syphilis,2023,Female,15–44,Maine,Cumberland County,23,005,0.0,≤4.6
Primary and secondary syphilis,2023,Female,15–44,Maine,Franklin County,23,007,17.4,>4.6
Primary and secondary syphilis,2023,Female,15–44,Maine,Hancock County,23,009,0.0,≤4.6
Primary and secondary syphilis,2023,Female,15–44,Maine,Kennebec County,23,011,4.3,≤4.6
Primary and secondary syphilis,2023,Female,15–44,Maine,Knox County,23,013,0.0,≤4.6
Primary and secondary syphilis,2023,Female,15–44,Maine,Lincoln County,23,015,0.0,≤4.6
Primary and secondary syphilis,2023,Female,15–44,Maine,Oxford County,23,017,0.0,≤4.6
Primary and secondary syphilis,2023,Female,15–44,Maine,Penobscot County,23,019,6.8,>4.6
Primary and secondary syphilis,2023,Female,15–44,Maine,Piscataquis County,23,021,0.0,≤4.6
Primary and secondary syphilis,2023,Female,15–44,Maine,Sagadahoc County,23,023,0.0,≤4.6
Primary and secondary syphilis,2023,Female,15–44,Maine,Somerset County,23,025,0.0,≤4.6
Primary and secondary syphilis,2023,Female,15–44,Maine,Waldo County,23,027,15.1,>4.6
Primary and secondary syphilis,2023,Female,15–44,Maine,Washington County,23,029,0.0,≤4.6
Primary and secondary syphilis,2023,Female,15–44,Maine,York County,23,031,2.6,≤4.6
Primary and secondary syphilis,2023,Female,15–44,Maryland,Allegany County,24,001,8.8,>4.6
Primary and secondary syphilis,2023,Female,15–44,Maryland,Anne Arundel County,24,003,6.9,>4.6
Primary and secondary syphilis,2023,Female,15–44,Maryland,Baltimore County,24,005,21.8,>4.6
Primary and secondary syphilis,2023,Female,15–44,Maryland,Calvert County,24,009,0.0,≤4.6
Primary and secondary syphilis,2023,Female,15–44,Maryland,Caroline County,24,011,16.2,>4.6
Primary and secondary syphilis,2023,Female,15–44,Maryland,Carroll County,24,013,6.3,>4.6
Primary and secondary syphilis,2023,Female,15–44,Maryland,Cecil County,24,015,0.0,≤4.6
Primary and secondary syphilis,2023,Female,15–44,Maryland,Charles County,24,017,14.7,>4.6
Primary and secondary syphilis,2023,Female,15–44,Maryland,Dorchester County,24,019,0.0,≤4.6
Primary and secondary syphilis,2023,Female,15–44,Maryland,Frederick County,24,021,0.0,≤4.6
Primary and secondary syphilis,2023,Female,15–44,Maryland,Garrett County,24,023,0.0,≤4.6
Primary and secondary syphilis,2023,Female,15–44,Maryland,Harford County,24,025,10.2,>4.6
Primary and secondary syphilis,2023,Female,15–44,Maryland,Howard County,24,027,4.6,≤4.6
Primary and secondary syphilis,2023,Female,15–44,Maryland,Kent County,24,029,0.0,≤4.6
Primary and secondary syphilis,2023,Female,15–44,Maryland,Montgomery County,24,031,4.0,≤4.6
Primary and secondary syphilis,2023,Female,15–44,Maryland,Prince George's County,24,033,6.9,>4.6
Primary and secondary syphilis,2023,Female,15–44,Maryland,Queen Anne's County,24,035,0.0,≤4.6
Primary and secondary syphilis,2023,Female,15–44,Maryland,St. Mary's County,24,037,4.4,≤4.6
Primary and secondary syphilis,2023,Female,15–44,Maryland,Somerset County,24,039,0.0,≤4.6
Primary and secondary syphilis,2023,Female,15–44,Maryland,Talbot County,24,041,0.0,≤4.6
Primary and secondary syphilis,2023,Female,15–44,Maryland,Washington County,24,043,39.9,>4.6
Primary and secondary syphilis,2023,Female,15–44,Maryland,Wicomico County,24,045,13.3,>4.6
Primary and secondary syphilis,2023,Female,15–44,Maryland,Worcester County,24,047,0.0,≤4.6
Primary and secondary syphilis,2023,Female,15–44,Maryland,Baltimore city,24,510,41.3,>4.6
Primary and secondary syphilis,2023,Female,15–44,Massachusetts,Barnstable County,25,001,9.8,>4.6
Primary and secondary syphilis,2023,Female,15–44,Massachusetts,Berkshire County,25,003,13.9,>4.6
Primary and secondary syphilis,2023,Female,15–44,Massachusetts,Bristol County,25,005,8.1,>4.6
Primary and secondary syphilis,2023,Female,15–44,Massachusetts,Dukes County,25,007,33.0,>4.6
Primary and secondary syphilis,2023,Female,15–44,Massachusetts,Essex County,25,009,3.3,≤4.6
Primary and secondary syphilis,2023,Female,15–44,Massachusetts,Franklin County,25,011,0.0,≤4.6
Primary and secondary syphilis,2023,Female,15–44,Massachusetts,Hampden County,25,013,25.3,>4.6
Primary and secondary syphilis,2023,Female,15–44,Massachusetts,Hampshire County,25,015,2.4,≤4.6
Primary and secondary syphilis,2023,Female,15–44,Massachusetts,Middlesex County,25,017,4.1,≤4.6
Primary and secondary syphilis,2023,Female,15–44,Massachusetts,Nantucket County,25,019,0.0,≤4.6
Primary and secondary syphilis,2023,Female,15–44,Massachusetts,Norfolk County,25,021,1.4,≤4.6
Primary and secondary syphilis,2023,Female,15–44,Massachusetts,Plymouth County,25,023,8.4,>4.6
Primary and secondary syphilis,2023,Female,15–44,Massachusetts,Suffolk County,25,025,10.8,>4.6
Primary and secondary syphilis,2023,Female,15–44,Massachusetts,Worcester County,25,027,3.6,≤4.6
Primary and secondary syphilis,2023,Female,15–44,Michigan,Alcona County,26,001,0.0,≤4.6
Primary and secondary syphilis,2023,Female,15–44,Michigan,Alger County,26,003,0.0,≤4.6
Primary and secondary syphilis,2023,Female,15–44,Michigan,Allegan County,26,005,0.0,≤4.6
Primary and secondary syphilis,2023,Female,15–44,Michigan,Alpena County,26,007,22.0,>4.6
Primary and secondary syphilis,2023,Female,15–44,Michigan,Antrim County,26,009,0.0,≤4.6
Primary and secondary syphilis,2023,Female,15–44,Michigan,Arenac County,26,011,0.0,≤4.6
Primary and secondary syphilis,2023,Female,15–44,Michigan,Baraga County,26,013,0.0,≤4.6
Primary and secondary syphilis,2023,Female,15–44,Michigan,Barry County,26,015,0.0,≤4.6
Primary and secondary syphilis,2023,Female,15–44,Michigan,Bay County,26,017,5.6,>4.6
Primary and secondary syphilis,2023,Female,15–44,Michigan,Benzie County,26,019,0.0,≤4.6
Primary and secondary syphilis,2023,Female,15–44,Michigan,Berrien County,26,021,3.8,≤4.6
Primary and secondary syphilis,2023,Female,15–44,Michigan,Branch County,26,023,26.9,>4.6
Primary and secondary syphilis,2023,Female,15–44,Michigan,Calhoun County,26,025,12.1,>4.6
Primary and secondary syphilis,2023,Female,15–44,Michigan,Cass County,26,027,11.8,>4.6
Primary and secondary syphilis,2023,Female,15–44,Michigan,Charlevoix County,26,029,0.0,≤4.6
Primary and secondary syphilis,2023,Female,15–44,Michigan,Cheboygan County,26,031,0.0,≤4.6
Primary and secondary syphilis,2023,Female,15–44,Michigan,Chippewa County,26,033,16.3,>4.6
Primary and secondary syphilis,2023,Female,15–44,Michigan,Clare County,26,035,0.0,≤4.6
Primary and secondary syphilis,2023,Female,15–44,Michigan,Clinton County,26,037,0.0,≤4.6
Primary and secondary syphilis,2023,Female,15–44,Michigan,Crawford County,26,039,0.0,≤4.6
Primary and secondary syphilis,2023,Female,15–44,Michigan,Delta County,26,041,0.0,≤4.6
Primary and secondary syphilis,2023,Female,15–44,Michigan,Dickinson County,26,043,0.0,≤4.6
Primary and secondary syphilis,2023,Female,15–44,Michigan,Eaton County,26,045,10.1,>4.6
Primary and secondary syphilis,2023,Female,15–44,Michigan,Emmet County,26,047,0.0,≤4.6
Primary and secondary syphilis,2023,Female,15–44,Michigan,Genesee County,26,049,8.0,>4.6
Primary and secondary syphilis,2023,Female,15–44,Michigan,Gladwin County,26,051,0.0,≤4.6
Primary and secondary syphilis,2023,Female,15–44,Michigan,Gogebic County,26,053,0.0,≤4.6
Primary and secondary syphilis,2023,Female,15–44,Michigan,Grand Traverse County,26,055,0.0,≤4.6
Primary and secondary syphilis,2023,Female,15–44,Michigan,Gratiot County,26,057,0.0,≤4.6
Primary and secondary syphilis,2023,Female,15–44,Michigan,Hillsdale County,26,059,0.0,≤4.6
Primary and secondary syphilis,2023,Female,15–44,Michigan,Houghton County,26,061,0.0,≤4.6
Primary and secondary syphilis,2023,Female,15–44,Michigan,Huron County,26,063,0.0,≤4.6
Primary and secondary syphilis,2023,Female,15–44,Michigan,Ingham County,26,065,5.8,>4.6
Primary and secondary syphilis,2023,Female,15–44,Michigan,Ionia County,26,067,0.0,≤4.6
Primary and secondary syphilis,2023,Female,15–44,Michigan,Iosco County,26,069,0.0,≤4.6
Primary and secondary syphilis,2023,Female,15–44,Michigan,Iron County,26,071,0.0,≤4.6
Primary and secondary syphilis,2023,Female,15–44,Michigan,Isabella County,26,073,0.0,≤4.6
Primary and secondary syphilis,2023,Female,15–44,Michigan,Jackson County,26,075,21.6,>4.6
Primary and secondary syphilis,2023,Female,15–44,Michigan,Kalamazoo County,26,077,35.8,>4.6
Primary and secondary syphilis,2023,Female,15–44,Michigan,Kalkaska County,26,079,0.0,≤4.6
Primary and secondary syphilis,2023,Female,15–44,Michigan,Kent County,26,081,5.0,>4.6
Primary and secondary syphilis,2023,Female,15–44,Michigan,Keweenaw County,26,083,0.0,≤4.6
Primary and secondary syphilis,2023,Female,15–44,Michigan,Lake County,26,085,0.0,≤4.6
Primary and secondary syphilis,2023,Female,15–44,Michigan,Lapeer County,26,087,0.0,≤4.6
Primary and secondary syphilis,2023,Female,15–44,Michigan,Leelanau County,26,089,33.2,>4.6
Primary and secondary syphilis,2023,Female,15–44,Michigan,Lenawee County,26,091,0.0,≤4.6
Primary and secondary syphilis,2023,Female,15–44,Michigan,Livingston County,26,093,3.0,≤4.6
Primary and secondary syphilis,2023,Female,15–44,Michigan,Luce County,26,095,0.0,≤4.6
Primary and secondary syphilis,2023,Female,15–44,Michigan,Mackinac County,26,097,0.0,≤4.6
Primary and secondary syphilis,2023,Female,15–44,Michigan,Macomb County,26,099,8.5,>4.6
Primary and secondary syphilis,2023,Female,15–44,Michigan,Manistee County,26,101,0.0,≤4.6
Primary and secondary syphilis,2023,Female,15–44,Michigan,Marquette County,26,103,0.0,≤4.6
Primary and secondary syphilis,2023,Female,15–44,Michigan,Mason County,26,105,0.0,≤4.6
Primary and secondary syphilis,2023,Female,15–44,Michigan,Mecosta County,26,107,0.0,≤4.6
Primary and secondary syphilis,2023,Female,15–44,Michigan,Menominee County,26,109,0.0,≤4.6
Primary and secondary syphilis,2023,Female,15–44,Michigan,Midland County,26,111,0.0,≤4.6
Primary and secondary syphilis,2023,Female,15–44,Michigan,Missaukee County,26,113,0.0,≤4.6
Primary and secondary syphilis,2023,Female,15–44,Michigan,Monroe County,26,115,7.4,>4.6
Primary and secondary syphilis,2023,Female,15–44,Michigan,Montcalm County,26,117,0.0,≤4.6
Primary and secondary syphilis,2023,Female,15–44,Michigan,Montmorency County,26,119,0.0,≤4.6
Primary and secondary syphilis,2023,Female,15–44,Michigan,Muskegon County,26,121,3.1,≤4.6
Primary and secondary syphilis,2023,Female,15–44,Michigan,Newaygo County,26,123,0.0,≤4.6
Primary and secondary syphilis,2023,Female,15–44,Michigan,Oakland County,26,125,5.1,>4.6
Primary and secondary syphilis,2023,Female,15–44,Michigan,Oceana County,26,127,0.0,≤4.6
Primary and secondary syphilis,2023,Female,15–44,Michigan,Ogemaw County,26,129,0.0,≤4.6
Primary and secondary syphilis,2023,Female,15–44,Michigan,Ontonagon County,26,131,0.0,≤4.6
Primary and secondary syphilis,2023,Female,15–44,Michigan,Osceola County,26,133,0.0,≤4.6
Primary and secondary syphilis,2023,Female,15–44,Michigan,Oscoda County,26,135,0.0,≤4.6
Primary and secondary syphilis,2023,Female,15–44,Michigan,Otsego County,26,137,0.0,≤4.6
Primary and secondary syphilis,2023,Female,15–44,Michigan,Ottawa County,26,139,1.6,≤4.6
Primary and secondary syphilis,2023,Female,15–44,Michigan,Presque Isle County,26,141,0.0,≤4.6
Primary and secondary syphilis,2023,Female,15–44,Michigan,Roscommon County,26,143,0.0,≤4.6
Primary and secondary syphilis,2023,Female,15–44,Michigan,Saginaw County,26,145,2.9,≤4.6
Primary and secondary syphilis,2023,Female,15–44,Michigan,St. Clair County,26,147,25.9,>4.6
Primary and secondary syphilis,2023,Female,15–44,Michigan,St. Joseph County,26,149,0.0,≤4.6
Primary and secondary syphilis,2023,Female,15–44,Michigan,Sanilac County,26,151,0.0,≤4.6
Primary and secondary syphilis,2023,Female,15–44,Michigan,Schoolcraft County,26,153,0.0,≤4.6
Primary and secondary syphilis,2023,Female,15–44,Michigan,Shiawassee County,26,155,0.0,≤4.6
Primary and secondary syphilis,2023,Female,15–44,Michigan,Tuscola County,26,157,0.0,≤4.6
Primary and secondary syphilis,2023,Female,15–44,Michigan,Van Buren County,26,159,0.0,≤4.6
Primary and secondary syphilis,2023,Female,15–44,Michigan,Washtenaw County,26,161,6.0,>4.6
Primary and secondary syphilis,2023,Female,15–44,Michigan,Wayne County,26,163,15.6,>4.6
Primary and secondary syphilis,2023,Female,15–44,Michigan,Wexford County,26,165,0.0,≤4.6
Primary and secondary syphilis,2023,Female,15–44,Minnesota,Aitkin County,27,001,0.0,≤4.6
Primary and secondary syphilis,2023,Female,15–44,Minnesota,Anoka County,27,003,8.5,>4.6
Primary and secondary syphilis,2023,Female,15–44,Minnesota,Becker County,27,005,51.7,>4.6
Primary and secondary syphilis,2023,Female,15–44,Minnesota,Beltrami County,27,007,54.1,>4.6
Primary and secondary syphilis,2023,Female,15–44,Minnesota,Benton County,27,009,,Unavailable/suppressed
Primary and secondary syphilis,2023,Female,15–44,Minnesota,Big Stone County,27,011,0.0,≤4.6
Primary and secondary syphilis,2023,Female,15–44,Minnesota,Blue Earth County,27,013,5.9,>4.6
Primary and secondary syphilis,2023,Female,15–44,Minnesota,Brown County,27,015,0.0,≤4.6
Primary and secondary syphilis,2023,Female,15–44,Minnesota,Carlton County,27,017,33.1,>4.6
Primary and secondary syphilis,2023,Female,15–44,Minnesota,Carver County,27,019,0.0,≤4.6
Primary and secondary syphilis,2023,Female,15–44,Minnesota,Cass County,27,021,0.0,≤4.6
Primary and secondary syphilis,2023,Female,15–44,Minnesota,Chippewa County,27,023,0.0,≤4.6
Primary and secondary syphilis,2023,Female,15–44,Minnesota,Chisago County,27,025,10.0,>4.6
Primary and secondary syphilis,2023,Female,15–44,Minnesota,Clay County,27,027,6.6,>4.6
Primary and secondary syphilis,2023,Female,15–44,Minnesota,Clearwater County,27,029,0.0,≤4.6
Primary and secondary syphilis,2023,Female,15–44,Minnesota,Cook County,27,031,,Unavailable/suppressed
Primary and secondary syphilis,2023,Female,15–44,Minnesota,Cottonwood County,27,033,0.0,≤4.6
Primary and secondary syphilis,2023,Female,15–44,Minnesota,Crow Wing County,27,035,9.2,>4.6
Primary and secondary syphilis,2023,Female,15–44,Minnesota,Dakota County,27,037,7.0,>4.6
Primary and secondary syphilis,2023,Female,15–44,Minnesota,Dodge County,27,039,0.0,≤4.6
Primary and secondary syphilis,2023,Female,15–44,Minnesota,Douglas County,27,041,,Unavailable/suppressed
Primary and secondary syphilis,2023,Female,15–44,Minnesota,Faribault County,27,043,0.0,≤4.6
Primary and secondary syphilis,2023,Female,15–44,Minnesota,Fillmore County,27,045,0.0,≤4.6
Primary and secondary syphilis,2023,Female,15–44,Minnesota,Freeborn County,27,047,0.0,≤4.6
Primary and secondary syphilis,2023,Female,15–44,Minnesota,Goodhue County,27,049,12.2,>4.6
Primary and secondary syphilis,2023,Female,15–44,Minnesota,Grant County,27,051,0.0,≤4.6
Primary and secondary syphilis,2023,Female,15–44,Minnesota,Hennepin County,27,053,15.9,>4.6
Primary and secondary syphilis,2023,Female,15–44,Minnesota,Houston County,27,055,0.0,≤4.6
Primary and secondary syphilis,2023,Female,15–44,Minnesota,Hubbard County,27,057,0.0,≤4.6
Primary and secondary syphilis,2023,Female,15–44,Minnesota,Isanti County,27,059,0.0,≤4.6
Primary and secondary syphilis,2023,Female,15–44,Minnesota,Itasca County,27,061,0.0,≤4.6
Primary and secondary syphilis,2023,Female,15–44,Minnesota,Jackson County,27,063,0.0,≤4.6
Primary and secondary syphilis,2023,Female,15–44,Minnesota,Kanabec County,27,065,37.6,>4.6
Primary and secondary syphilis,2023,Female,15–44,Minnesota,Kandiyohi County,27,067,26.3,>4.6
Primary and secondary syphilis,2023,Female,15–44,Minnesota,Kittson County,27,069,0.0,≤4.6
Primary and secondary syphilis,2023,Female,15–44,Minnesota,Koochiching County,27,071,0.0,≤4.6
Primary and secondary syphilis,2023,Female,15–44,Minnesota,Lac qui Parle County,27,073,0.0,≤4.6
Primary and secondary syphilis,2023,Female,15–44,Minnesota,Lake County,27,075,0.0,≤4.6
Primary and secondary syphilis,2023,Female,15–44,Minnesota,Lake of the Woods County,27,077,0.0,≤4.6
Primary and secondary syphilis,2023,Female,15–44,Minnesota,Le Sueur County,27,079,0.0,≤4.6
Primary and secondary syphilis,2023,Female,15–44,Minnesota,Lincoln County,27,081,0.0,≤4.6
Primary and secondary syphilis,2023,Female,15–44,Minnesota,Lyon County,27,083,0.0,≤4.6
Primary and secondary syphilis,2023,Female,15–44,Minnesota,McLeod County,27,085,0.0,≤4.6
Primary and secondary syphilis,2023,Female,15–44,Minnesota,Mahnomen County,27,087,0.0,≤4.6
Primary and secondary syphilis,2023,Female,15–44,Minnesota,Marshall County,27,089,0.0,≤4.6
Primary and secondary syphilis,2023,Female,15–44,Minnesota,Martin County,27,091,32.1,>4.6
Primary and secondary syphilis,2023,Female,15–44,Minnesota,Meeker County,27,093,0.0,≤4.6
Primary and secondary syphilis,2023,Female,15–44,Minnesota,Mille Lacs County,27,095,0.0,≤4.6
Primary and secondary syphilis,2023,Female,15–44,Minnesota,Morrison County,27,097,0.0,≤4.6
Primary and secondary syphilis,2023,Female,15–44,Minnesota,Mower County,27,099,0.0,≤4.6
Primary and secondary syphilis,2023,Female,15–44,Minnesota,Murray County,27,101,0.0,≤4.6
Primary and secondary syphilis,2023,Female,15–44,Minnesota,Nicollet County,27,103,0.0,≤4.6
Primary and secondary syphilis,2023,Female,15–44,Minnesota,Nobles County,27,105,54.9,>4.6
Primary and secondary syphilis,2023,Female,15–44,Minnesota,Norman County,27,107,0.0,≤4.6
Primary and secondary syphilis,2023,Female,15–44,Minnesota,Olmsted County,27,109,3.0,≤4.6
Primary and secondary syphilis,2023,Female,15–44,Minnesota,Otter Tail County,27,111,0.0,≤4.6
Primary and secondary syphilis,2023,Female,15–44,Minnesota,Pennington County,27,113,0.0,≤4.6
Primary and secondary syphilis,2023,Female,15–44,Minnesota,Pine County,27,115,91.8,>4.6
Primary and secondary syphilis,2023,Female,15–44,Minnesota,Pipestone County,27,117,0.0,≤4.6
Primary and secondary syphilis,2023,Female,15–44,Minnesota,Polk County,27,119,0.0,≤4.6
Primary and secondary syphilis,2023,Female,15–44,Minnesota,Pope County,27,121,0.0,≤4.6
Primary and secondary syphilis,2023,Female,15–44,Minnesota,Ramsey County,27,123,20.8,>4.6
Primary and secondary syphilis,2023,Female,15–44,Minnesota,Red Lake County,27,125,,Unavailable/suppressed
Primary and secondary syphilis,2023,Female,15–44,Minnesota,Redwood County,27,127,0.0,≤4.6
Primary and secondary syphilis,2023,Female,15–44,Minnesota,Renville County,27,129,0.0,≤4.6
Primary and secondary syphilis,2023,Female,15–44,Minnesota,Rice County,27,131,0.0,≤4.6
Primary and secondary syphilis,2023,Female,15–44,Minnesota,Rock County,27,133,0.0,≤4.6
Primary and secondary syphilis,2023,Female,15–44,Minnesota,Roseau County,27,135,0.0,≤4.6
Primary and secondary syphilis,2023,Female,15–44,Minnesota,St. Louis County,27,137,5.2,>4.6
Primary and secondary syphilis,2023,Female,15–44,Minnesota,Scott County,27,139,3.3,≤4.6
Primary and secondary syphilis,2023,Female,15–44,Minnesota,Sherburne County,27,141,5.1,>4.6
Primary and secondary syphilis,2023,Female,15–44,Minnesota,Sibley County,27,143,0.0,≤4.6
Primary and secondary syphilis,2023,Female,15–44,Minnesota,Stearns County,27,145,3.0,≤4.6
Primary and secondary syphilis,2023,Female,15–44,Minnesota,Steele County,27,147,0.0,≤4.6
Primary and secondary syphilis,2023,Female,15–44,Minnesota,Stevens County,27,149,0.0,≤4.6
Primary and secondary syphilis,2023,Female,15–44,Minnesota,Swift County,27,151,0.0,≤4.6
Primary and secondary syphilis,2023,Female,15–44,Minnesota,Todd County,27,153,0.0,≤4.6
Primary and secondary syphilis,2023,Female,15–44,Minnesota,Traverse County,27,155,0.0,≤4.6
Primary and secondary syphilis,2023,Female,15–44,Minnesota,Wabasha County,27,157,0.0,≤4.6
Primary and secondary syphilis,2023,Female,15–44,Minnesota,Wadena County,27,159,0.0,≤4.6
Primary and secondary syphilis,2023,Female,15–44,Minnesota,Waseca County,27,161,25.8,>4.6
Primary and secondary syphilis,2023,Female,15–44,Minnesota,Washington County,27,163,9.7,>4.6
Primary and secondary syphilis,2023,Female,15–44,Minnesota,Watonwan County,27,165,0.0,≤4.6
Primary and secondary syphilis,2023,Female,15–44,Minnesota,Wilkin County,27,167,0.0,≤4.6
Primary and secondary syphilis,2023,Female,15–44,Minnesota,Winona County,27,169,0.0,≤4.6
Primary and secondary syphilis,2023,Female,15–44,Minnesota,Wright County,27,171,0.0,≤4.6
Primary and secondary syphilis,2023,Female,15–44,Minnesota,Yellow Medicine County,27,173,65.7,>4.6
Primary and secondary syphilis,2023,Female,15–44,Mississippi,Adams County,28,001,65.3,>4.6
Primary and secondary syphilis,2023,Female,15–44,Mississippi,Alcorn County,28,003,81.2,>4.6
Primary and secondary syphilis,2023,Female,15–44,Mississippi,Amite County,28,005,51.0,>4.6
Primary and secondary syphilis,2023,Female,15–44,Mississippi,Attala County,28,007,62.6,>4.6
Primary and secondary syphilis,2023,Female,15–44,Mississippi,Benton County,28,009,78.2,>4.6
Primary and secondary syphilis,2023,Female,15–44,Mississippi,Bolivar County,28,011,34.4,>4.6
Primary and secondary syphilis,2023,Female,15–44,Mississippi,Calhoun County,28,013,46.9,>4.6
Primary and secondary syphilis,2023,Female,15–44,Mississippi,Carroll County,28,015,0.0,≤4.6
Primary and secondary syphilis,2023,Female,15–44,Mississippi,Chickasaw County,28,017,197.8,>4.6
Primary and secondary syphilis,2023,Female,15–44,Mississippi,Choctaw County,28,019,0.0,≤4.6
Primary and secondary syphilis,2023,Female,15–44,Mississippi,Claiborne County,28,021,0.0,≤4.6
Primary and secondary syphilis,2023,Female,15–44,Mississippi,Clarke County,28,023,0.0,≤4.6
Primary and secondary syphilis,2023,Female,15–44,Mississippi,Clay County,28,025,0.0,≤4.6
Primary and secondary syphilis,2023,Female,15–44,Mississippi,Coahoma County,28,027,76.4,>4.6
Primary and secondary syphilis,2023,Female,15–44,Mississippi,Copiah County,28,029,0.0,≤4.6
Primary and secondary syphilis,2023,Female,15–44,Mississippi,Covington County,28,031,146.1,>4.6
Primary and secondary syphilis,2023,Female,15–44,Mississippi,DeSoto County,28,033,48.8,>4.6
Primary and secondary syphilis,2023,Female,15–44,Mississippi,Forrest County,28,035,147.4,>4.6
Primary and secondary syphilis,2023,Female,15–44,Mississippi,Franklin County,28,037,75.7,>4.6
Primary and secondary syphilis,2023,Female,15–44,Mississippi,George County,28,039,0.0,≤4.6
Primary and secondary syphilis,2023,Female,15–44,Mississippi,Greene County,28,041,50.6,>4.6
Primary and secondary syphilis,2023,Female,15–44,Mississippi,Grenada County,28,043,177.1,>4.6
Primary and secondary syphilis,2023,Female,15–44,Mississippi,Hancock County,28,045,12.8,>4.6
Primary and secondary syphilis,2023,Female,15–44,Mississippi,Harrison County,28,047,35.7,>4.6
Primary and secondary syphilis,2023,Female,15–44,Mississippi,Hinds County,28,049,38.9,>4.6
Primary and secondary syphilis,2023,Female,15–44,Mississippi,Holmes County,28,051,0.0,≤4.6
Primary and secondary syphilis,2023,Female,15–44,Mississippi,Humphreys County,28,053,0.0,≤4.6
Primary and secondary syphilis,2023,Female,15–44,Mississippi,Issaquena County,28,055,0.0,≤4.6
Primary and secondary syphilis,2023,Female,15–44,Mississippi,Itawamba County,28,057,0.0,≤4.6
Primary and secondary syphilis,2023,Female,15–44,Mississippi,Jackson County,28,059,39.2,>4.6
Primary and secondary syphilis,2023,Female,15–44,Mississippi,Jasper County,28,061,0.0,≤4.6
Primary and secondary syphilis,2023,Female,15–44,Mississippi,Jefferson County,28,063,0.0,≤4.6
Primary and secondary syphilis,2023,Female,15–44,Mississippi,Jefferson Davis County,28,065,108.8,>4.6
Primary and secondary syphilis,2023,Female,15–44,Mississippi,Jones County,28,067,110.4,>4.6
Primary and secondary syphilis,2023,Female,15–44,Mississippi,Kemper County,28,069,65.1,>4.6
Primary and secondary syphilis,2023,Female,15–44,Mississippi,Lafayette County,28,071,13.3,>4.6
Primary and secondary syphilis,2023,Female,15–44,Mississippi,Lamar County,28,073,106.3,>4.6
Primary and secondary syphilis,2023,Female,15–44,Mississippi,Lauderdale County,28,075,45.9,>4.6
Primary and secondary syphilis,2023,Female,15–44,Mississippi,Lawrence County,28,077,48.1,>4.6
Primary and secondary syphilis,2023,Female,15–44,Mississippi,Leake County,28,079,25.7,>4.6
Primary and secondary syphilis,2023,Female,15–44,Mississippi,Lee County,28,081,96.3,>4.6
Primary and secondary syphilis,2023,Female,15–44,Mississippi,Leflore County,28,083,55.5,>4.6
Primary and secondary syphilis,2023,Female,15–44,Mississippi,Lincoln County,28,085,75.3,>4.6
Primary and secondary syphilis,2023,Female,15–44,Mississippi,Lowndes County,28,087,69.7,>4.6
Primary and secondary syphilis,2023,Female,15–44,Mississippi,Madison County,28,089,8.8,>4.6
Primary and secondary syphilis,2023,Female,15–44,Mississippi,Marion County,28,091,154.8,>4.6
Primary and secondary syphilis,2023,Female,15–44,Mississippi,Marshall County,28,093,32.1,>4.6
Primary and secondary syphilis,2023,Female,15–44,Mississippi,Monroe County,28,095,148.0,>4.6
Primary and secondary syphilis,2023,Female,15–44,Mississippi,Montgomery County,28,097,61.0,>4.6
Primary and secondary syphilis,2023,Female,15–44,Mississippi,Neshoba County,28,099,52.5,>4.6
Primary and secondary syphilis,2023,Female,15–44,Mississippi,Newton County,28,101,73.6,>4.6
Primary and secondary syphilis,2023,Female,15–44,Mississippi,Noxubee County,28,103,54.2,>4.6
Primary and secondary syphilis,2023,Female,15–44,Mississippi,Oktibbeha County,28,105,35.5,>4.6
Primary and secondary syphilis,2023,Female,15–44,Mississippi,Panola County,28,107,96.2,>4.6
Primary and secondary syphilis,2023,Female,15–44,Mississippi,Pearl River County,28,109,47.8,>4.6
Primary and secondary syphilis,2023,Female,15–44,Mississippi,Perry County,28,111,95.4,>4.6
Primary and secondary syphilis,2023,Female,15–44,Mississippi,Pike County,28,113,65.3,>4.6
Primary and secondary syphilis,2023,Female,15–44,Mississippi,Pontotoc County,28,115,129.5,>4.6
Primary and secondary syphilis,2023,Female,15–44,Mississippi,Prentiss County,28,117,20.3,>4.6
Primary and secondary syphilis,2023,Female,15–44,Mississippi,Quitman County,28,119,199.2,>4.6
Primary and secondary syphilis,2023,Female,15–44,Mississippi,Rankin County,28,121,18.4,>4.6
Primary and secondary syphilis,2023,Female,15–44,Mississippi,Scott County,28,123,20.1,>4.6
Primary and secondary syphilis,2023,Female,15–44,Mississippi,Sharkey County,28,125,174.5,>4.6
Primary and secondary syphilis,2023,Female,15–44,Mississippi,Simpson County,28,127,21.3,>4.6
Primary and secondary syphilis,2023,Female,15–44,Mississippi,Smith County,28,129,79.6,>4.6
Primary and secondary syphilis,2023,Female,15–44,Mississippi,Stone County,28,131,0.0,≤4.6
Primary and secondary syphilis,2023,Female,15–44,Mississippi,Sunflower County,28,133,69.0,>4.6
Primary and secondary syphilis,2023,Female,15–44,Mississippi,Tallahatchie County,28,135,161.2,>4.6
Primary and secondary syphilis,2023,Female,15–44,Mississippi,Tate County,28,137,52.6,>4.6
Primary and secondary syphilis,2023,Female,15–44,Mississippi,Tippah County,28,139,24.3,>4.6
Primary and secondary syphilis,2023,Female,15–44,Mississippi,Tishomingo County,28,141,31.1,>4.6
Primary and secondary syphilis,2023,Female,15–44,Mississippi,Tunica County,28,143,0.0,≤4.6
Primary and secondary syphilis,2023,Female,15–44,Mississippi,Union County,28,145,74.9,>4.6
Primary and secondary syphilis,2023,Female,15–44,Mississippi,Walthall County,28,147,42.2,>4.6
Primary and secondary syphilis,2023,Female,15–44,Mississippi,Warren County,28,149,12.5,>4.6
Primary and secondary syphilis,2023,Female,15–44,Mississippi,Washington County,28,151,63.3,>4.6
Primary and secondary syphilis,2023,Female,15–44,Mississippi,Wayne County,28,153,0.0,≤4.6
Primary and secondary syphilis,2023,Female,15–44,Mississippi,Webster County,28,155,0.0,≤4.6
Primary and secondary syphilis,2023,Female,15–44,Mississippi,Wilkinson County,28,157,0.0,≤4.6
Primary and secondary syphilis,2023,Female,15–44,Mississippi,Winston County,28,159,262.6,>4.6
Primary and secondary syphilis,2023,Female,15–44,Mississippi,Yalobusha County,28,161,326.2,>4.6
Primary and secondary syphilis,2023,Female,15–44,Mississippi,Yazoo County,28,163,48.6,>4.6
Primary and secondary syphilis,2023,Female,15–44,Missouri,Adair County,29,001,15.1,>4.6
Primary and secondary syphilis,2023,Female,15–44,Missouri,Andrew County,29,003,0.0,≤4.6
Primary and secondary syphilis,2023,Female,15–44,Missouri,Atchison County,29,005,0.0,≤4.6
Primary and secondary syphilis,2023,Female,15–44,Missouri,Audrain County,29,007,0.0,≤4.6
Primary and secondary syphilis,2023,Female,15–44,Missouri,Barry County,29,009,35.2,>4.6
Primary and secondary syphilis,2023,Female,15–44,Missouri,Barton County,29,011,49.2,>4.6
Primary and secondary syphilis,2023,Female,15–44,Missouri,Bates County,29,013,0.0,≤4.6
Primary and secondary syphilis,2023,Female,15–44,Missouri,Benton County,29,015,0.0,≤4.6
Primary and secondary syphilis,2023,Female,15–44,Missouri,Bollinger County,29,017,59.3,>4.6
Primary and secondary syphilis,2023,Female,15–44,Missouri,Boone County,29,019,6.3,>4.6
Primary and secondary syphilis,2023,Female,15–44,Missouri,Buchanan County,29,021,64.4,>4.6
Primary and secondary syphilis,2023,Female,15–44,Missouri,Butler County,29,023,180.1,>4.6
Primary and secondary syphilis,2023,Female,15–44,Missouri,Caldwell County,29,025,0.0,≤4.6
Primary and secondary syphilis,2023,Female,15–44,Missouri,Callaway County,29,027,0.0,≤4.6
Primary and secondary syphilis,2023,Female,15–44,Missouri,Camden County,29,029,0.0,≤4.6
Primary and secondary syphilis,2023,Female,15–44,Missouri,Cape Girardeau County,29,031,61.7,>4.6
Primary and secondary syphilis,2023,Female,15–44,Missouri,Carroll County,29,033,0.0,≤4.6
Primary and secondary syphilis,2023,Female,15–44,Missouri,Carter County,29,035,0.0,≤4.6
Primary and secondary syphilis,2023,Female,15–44,Missouri,Cass County,29,037,19.4,>4.6
Primary and secondary syphilis,2023,Female,15–44,Missouri,Cedar County,29,039,0.0,≤4.6
Primary and secondary syphilis,2023,Female,15–44,Missouri,Chariton County,29,041,0.0,≤4.6
Primary and secondary syphilis,2023,Female,15–44,Missouri,Christian County,29,043,27.8,>4.6
Primary and secondary syphilis,2023,Female,15–44,Missouri,Clark County,29,045,0.0,≤4.6
Primary and secondary syphilis,2023,Female,15–44,Missouri,Clay County,29,047,22.8,>4.6
Primary and secondary syphilis,2023,Female,15–44,Missouri,Clinton County,29,049,26.4,>4.6
Primary and secondary syphilis,2023,Female,15–44,Missouri,Cole County,29,051,7.1,>4.6
Primary and secondary syphilis,2023,Female,15–44,Missouri,Cooper County,29,053,0.0,≤4.6
Primary and secondary syphilis,2023,Female,15–44,Missouri,Crawford County,29,055,25.8,>4.6
Primary and secondary syphilis,2023,Female,15–44,Missouri,Dade County,29,057,85.1,>4.6
Primary and secondary syphilis,2023,Female,15–44,Missouri,Dallas County,29,059,33.4,>4.6
Primary and secondary syphilis,2023,Female,15–44,Missouri,Daviess County,29,061,71.4,>4.6
Primary and secondary syphilis,2023,Female,15–44,Missouri,DeKalb County,29,063,0.0,≤4.6
Primary and secondary syphilis,2023,Female,15–44,Missouri,Dent County,29,065,0.0,≤4.6
Primary and secondary syphilis,2023,Female,15–44,Missouri,Douglas County,29,067,0.0,≤4.6
Primary and secondary syphilis,2023,Female,15–44,Missouri,Dunklin County,29,069,142.7,>4.6
Primary and secondary syphilis,2023,Female,15–44,Missouri,Franklin County,29,071,65.4,>4.6
Primary and secondary syphilis,2023,Female,15–44,Missouri,Gasconade County,29,073,0.0,≤4.6
Primary and secondary syphilis,2023,Female,15–44,Missouri,Gentry County,29,075,0.0,≤4.6
Primary and secondary syphilis,2023,Female,15–44,Missouri,Greene County,29,077,71.7,>4.6
Primary and secondary syphilis,2023,Female,15–44,Missouri,Grundy County,29,079,0.0,≤4.6
Primary and secondary syphilis,2023,Female,15–44,Missouri,Harrison County,29,081,0.0,≤4.6
Primary and secondary syphilis,2023,Female,15–44,Missouri,Henry County,29,083,0.0,≤4.6
Primary and secondary syphilis,2023,Female,15–44,Missouri,Hickory County,29,085,89.1,>4.6
Primary and secondary syphilis,2023,Female,15–44,Missouri,Holt County,29,087,0.0,≤4.6
Primary and secondary syphilis,2023,Female,15–44,Missouri,Howard County,29,089,0.0,≤4.6
Primary and secondary syphilis,2023,Female,15–44,Missouri,Howell County,29,091,0.0,≤4.6
Primary and secondary syphilis,2023,Female,15–44,Missouri,Iron County,29,093,65.0,>4.6
Primary and secondary syphilis,2023,Female,15–44,Missouri,Jackson County,29,095,45.0,>4.6
Primary and secondary syphilis,2023,Female,15–44,Missouri,Jasper County,29,097,24.0,>4.6
Primary and secondary syphilis,2023,Female,15–44,Missouri,Jefferson County,29,099,18.7,>4.6
Primary and secondary syphilis,2023,Female,15–44,Missouri,Johnson County,29,101,8.0,>4.6
Primary and secondary syphilis,2023,Female,15–44,Missouri,Knox County,29,103,0.0,≤4.6
Primary and secondary syphilis,2023,Female,15–44,Missouri,Laclede County,29,105,31.0,>4.6
Primary and secondary syphilis,2023,Female,15–44,Missouri,Lafayette County,29,107,0.0,≤4.6
Primary and secondary syphilis,2023,Female,15–44,Missouri,Lawrence County,29,109,43.0,>4.6
Primary and secondary syphilis,2023,Female,15–44,Missouri,Lewis County,29,111,0.0,≤4.6
Primary and secondary syphilis,2023,Female,15–44,Missouri,Lincoln County,29,113,16.1,>4.6
Primary and secondary syphilis,2023,Female,15–44,Missouri,Linn County,29,115,0.0,≤4.6
Primary and secondary syphilis,2023,Female,15–44,Missouri,Livingston County,29,117,30.9,>4.6
Primary and secondary syphilis,2023,Female,15–44,Missouri,McDonald County,29,119,23.8,>4.6
Primary and secondary syphilis,2023,Female,15–44,Missouri,Macon County,29,121,39.7,>4.6
Primary and secondary syphilis,2023,Female,15–44,Missouri,Madison County,29,123,93.2,>4.6
Primary and secondary syphilis,2023,Female,15–44,Missouri,Maries County,29,125,0.0,≤4.6
Primary and secondary syphilis,2023,Female,15–44,Missouri,Marion County,29,127,0.0,≤4.6
Primary and secondary syphilis,2023,Female,15–44,Missouri,Mercer County,29,129,0.0,≤4.6
Primary and secondary syphilis,2023,Female,15–44,Missouri,Miller County,29,131,0.0,≤4.6
Primary and secondary syphilis,2023,Female,15–44,Missouri,Mississippi County,29,133,209.6,>4.6
Primary and secondary syphilis,2023,Female,15–44,Missouri,Moniteau County,29,135,0.0,≤4.6
Primary and secondary syphilis,2023,Female,15–44,Missouri,Monroe County,29,137,0.0,≤4.6
Primary and secondary syphilis,2023,Female,15–44,Missouri,Montgomery County,29,139,52.9,>4.6
Primary and secondary syphilis,2023,Female,15–44,Missouri,Morgan County,29,141,29.5,>4.6
Primary and secondary syphilis,2023,Female,15–44,Missouri,New Madrid County,29,143,332.0,>4.6
Primary and secondary syphilis,2023,Female,15–44,Missouri,Newton County,29,145,9.3,>4.6
Primary and secondary syphilis,2023,Female,15–44,Missouri,Nodaway County,29,147,0.0,≤4.6
Primary and secondary syphilis,2023,Female,15–44,Missouri,Oregon County,29,149,70.8,>4.6
Primary and secondary syphilis,2023,Female,15–44,Missouri,Osage County,29,151,0.0,≤4.6
Primary and secondary syphilis,2023,Female,15–44,Missouri,Ozark County,29,153,0.0,≤4.6
Primary and secondary syphilis,2023,Female,15–44,Missouri,Pemiscot County,29,155,112.3,>4.6
Primary and secondary syphilis,2023,Female,15–44,Missouri,Perry County,29,157,0.0,≤4.6
Primary and secondary syphilis,2023,Female,15–44,Missouri,Pettis County,29,159,0.0,≤4.6
Primary and secondary syphilis,2023,Female,15–44,Missouri,Phelps County,29,161,23.6,>4.6
Primary and secondary syphilis,2023,Female,15–44,Missouri,Pike County,29,163,35.7,>4.6
Primary and secondary syphilis,2023,Female,15–44,Missouri,Platte County,29,165,9.1,>4.6
Primary and secondary syphilis,2023,Female,15–44,Missouri,Polk County,29,167,47.9,>4.6
Primary and secondary syphilis,2023,Female,15–44,Missouri,Pulaski County,29,169,18.2,>4.6
Primary and secondary syphilis,2023,Female,15–44,Missouri,Putnam County,29,171,0.0,≤4.6
Primary and secondary syphilis,2023,Female,15–44,Missouri,Ralls County,29,173,0.0,≤4.6
Primary and secondary syphilis,2023,Female,15–44,Missouri,Randolph County,29,175,23.6,>4.6
Primary and secondary syphilis,2023,Female,15–44,Missouri,Ray County,29,177,51.0,>4.6
Primary and secondary syphilis,2023,Female,15–44,Missouri,Reynolds County,29,179,0.0,≤4.6
Primary and secondary syphilis,2023,Female,15–44,Missouri,Ripley County,29,181,54.5,>4.6
Primary and secondary syphilis,2023,Female,15–44,Missouri,St. Charles County,29,183,5.0,>4.6
Primary and secondary syphilis,2023,Female,15–44,Missouri,St. Clair County,29,185,0.0,≤4.6
Primary and secondary syphilis,2023,Female,15–44,Missouri,Ste. Genevieve County,29,186,0.0,≤4.6
Primary and secondary syphilis,2023,Female,15–44,Missouri,St. Francois County,29,187,58.8,>4.6
Primary and secondary syphilis,2023,Female,15–44,Missouri,St. Louis County,29,189,19.9,>4.6
Primary and secondary syphilis,2023,Female,15–44,Missouri,Saline County,29,195,0.0,≤4.6
Primary and secondary syphilis,2023,Female,15–44,Missouri,Schuyler County,29,197,0.0,≤4.6
Primary and secondary syphilis,2023,Female,15–44,Missouri,Scotland County,29,199,0.0,≤4.6
Primary and secondary syphilis,2023,Female,15–44,Missouri,Scott County,29,201,113.9,>4.6
Primary and secondary syphilis,2023,Female,15–44,Missouri,Shannon County,29,203,0.0,≤4.6
Primary and secondary syphilis,2023,Female,15–44,Missouri,Shelby County,29,205,0.0,≤4.6
Primary and secondary syphilis,2023,Female,15–44,Missouri,Stoddard County,29,207,60.7,>4.6
Primary and secondary syphilis,2023,Female,15–44,Missouri,Stone County,29,209,23.7,>4.6
Primary and secondary syphilis,2023,Female,15–44,Missouri,Sullivan County,29,211,0.0,≤4.6
Primary and secondary syphilis,2023,Female,15–44,Missouri,Taney County,29,213,29.1,>4.6
Primary and secondary syphilis,2023,Female,15–44,Missouri,Texas County,29,215,0.0,≤4.6
Primary and secondary syphilis,2023,Female,15–44,Missouri,Vernon County,29,217,0.0,≤4.6
Primary and secondary syphilis,2023,Female,15–44,Missouri,Warren County,29,219,0.0,≤4.6
Primary and secondary syphilis,2023,Female,15–44,Missouri,Washington County,29,221,150.6,>4.6
Primary and secondary syphilis,2023,Female,15–44,Missouri,Wayne County,29,223,63.1,>4.6
Primary and secondary syphilis,2023,Female,15–44,Missouri,Webster County,29,225,13.4,>4.6
Primary and secondary syphilis,2023,Female,15–44,Missouri,Worth County,29,227,0.0,≤4.6
Primary and secondary syphilis,2023,Female,15–44,Missouri,Wright County,29,229,0.0,≤4.6
Primary and secondary syphilis,2023,Female,15–44,Missouri,St. Louis city,29,510,66.7,>4.6
Primary and secondary syphilis,2023,Female,15–44,Montana,Beaverhead County,30,001,0.0,≤4.6
Primary and secondary syphilis,2023,Female,15–44,Montana,Big Horn County,30,003,997.2,>4.6
Primary and secondary syphilis,2023,Female,15–44,Montana,Blaine County,30,005,327.9,>4.6
Primary and secondary syphilis,2023,Female,15–44,Montana,Broadwater County,30,007,0.0,≤4.6
Primary and secondary syphilis,2023,Female,15–44,Montana,Carbon County,30,009,0.0,≤4.6
Primary and secondary syphilis,2023,Female,15–44,Montana,Carter County,30,011,0.0,≤4.6
Primary and secondary syphilis,2023,Female,15–44,Montana,Cascade County,30,013,63.8,>4.6
Primary and secondary syphilis,2023,Female,15–44,Montana,Chouteau County,30,015,0.0,≤4.6
Primary and secondary syphilis,2023,Female,15–44,Montana,Custer County,30,017,0.0,≤4.6
Primary and secondary syphilis,2023,Female,15–44,Montana,Daniels County,30,019,0.0,≤4.6
Primary and secondary syphilis,2023,Female,15–44,Montana,Dawson County,30,021,0.0,≤4.6
Primary and secondary syphilis,2023,Female,15–44,Montana,Deer Lodge County,30,023,0.0,≤4.6
Primary and secondary syphilis,2023,Female,15–44,Montana,Fallon County,30,025,0.0,≤4.6
Primary and secondary syphilis,2023,Female,15–44,Montana,Fergus County,30,027,52.1,>4.6
Primary and secondary syphilis,2023,Female,15–44,Montana,Flathead County,30,029,9.9,>4.6
Primary and secondary syphilis,2023,Female,15–44,Montana,Gallatin County,30,031,6.8,>4.6
Primary and secondary syphilis,2023,Female,15–44,Montana,Garfield County,30,033,0.0,≤4.6
Primary and secondary syphilis,2023,Female,15–44,Montana,Glacier County,30,035,108.6,>4.6
Primary and secondary syphilis,2023,Female,15–44,Montana,Golden Valley County,30,037,0.0,≤4.6
Primary and secondary syphilis,2023,Female,15–44,Montana,Granite County,30,039,0.0,≤4.6
Primary and secondary syphilis,2023,Female,15–44,Montana,Hill County,30,041,32.9,>4.6
Primary and secondary syphilis,2023,Female,15–44,Montana,Jefferson County,30,043,0.0,≤4.6
Primary and secondary syphilis,2023,Female,15–44,Montana,Judith Basin County,30,045,0.0,≤4.6
Primary and secondary syphilis,2023,Female,15–44,Montana,Lake County,30,047,0.0,≤4.6
Primary and secondary syphilis,2023,Female,15–44,Montana,Lewis and Clark County,30,049,21.8,>4.6
Primary and secondary syphilis,2023,Female,15–44,Montana,Liberty County,30,051,0.0,≤4.6
Primary and secondary syphilis,2023,Female,15–44,Montana,Lincoln County,30,053,0.0,≤4.6
Primary and secondary syphilis,2023,Female,15–44,Montana,McCone County,30,055,0.0,≤4.6
Primary and secondary syphilis,2023,Female,15–44,Montana,Madison County,30,057,0.0,≤4.6
Primary and secondary syphilis,2023,Female,15–44,Montana,Meagher County,30,059,0.0,≤4.6
Primary and secondary syphilis,2023,Female,15–44,Montana,Mineral County,30,061,0.0,≤4.6
Primary and secondary syphilis,2023,Female,15–44,Montana,Missoula County,30,063,10.9,>4.6
Primary and secondary syphilis,2023,Female,15–44,Montana,Musselshell County,30,065,127.4,>4.6
Primary and secondary syphilis,2023,Female,15–44,Montana,Park County,30,067,0.0,≤4.6
Primary and secondary syphilis,2023,Female,15–44,Montana,Petroleum County,30,069,0.0,≤4.6
Primary and secondary syphilis,2023,Female,15–44,Montana,Phillips County,30,071,0.0,≤4.6
Primary and secondary syphilis,2023,Female,15–44,Montana,Pondera County,30,073,0.0,≤4.6
Primary and secondary syphilis,2023,Female,15–44,Montana,Powder River County,30,075,0.0,≤4.6
Primary and secondary syphilis,2023,Female,15–44,Montana,Powell County,30,077,0.0,≤4.6
Primary and secondary syphilis,2023,Female,15–44,Montana,Prairie County,30,079,0.0,≤4.6
Primary and secondary syphilis,2023,Female,15–44,Montana,Ravalli County,30,081,0.0,≤4.6
Primary and secondary syphilis,2023,Female,15–44,Montana,Richland County,30,083,0.0,≤4.6
Primary and secondary syphilis,2023,Female,15–44,Montana,Roosevelt County,30,085,726.4,>4.6
Primary and secondary syphilis,2023,Female,15–44,Montana,Rosebud County,30,087,"1,891.9",>4.6
Primary and secondary syphilis,2023,Female,15–44,Montana,Sanders County,30,089,0.0,≤4.6
Primary and secondary syphilis,2023,Female,15–44,Montana,Sheridan County,30,091,0.0,≤4.6
Primary and secondary syphilis,2023,Female,15–44,Montana,Silver Bow County,30,093,14.9,>4.6
Primary and secondary syphilis,2023,Female,15–44,Montana,Stillwater County,30,095,71.4,>4.6
Primary and secondary syphilis,2023,Female,15–44,Montana,Sweet Grass County,30,097,172.1,>4.6
Primary and secondary syphilis,2023,Female,15–44,Montana,Teton County,30,099,0.0,≤4.6
Primary and secondary syphilis,2023,Female,15–44,Montana,Toole County,30,101,138.9,>4.6
Primary and secondary syphilis,2023,Female,15–44,Montana,Treasure County,30,103,0.0,≤4.6
Primary and secondary syphilis,2023,Female,15–44,Montana,Valley County,30,105,85.3,>4.6
Primary and secondary syphilis,2023,Female,15–44,Montana,Wheatland County,30,107,0.0,≤4.6
Primary and secondary syphilis,2023,Female,15–44,Montana,Wibaux County,30,109,0.0,≤4.6
Primary and secondary syphilis,2023,Female,15–44,Montana,Yellowstone County,30,111,121.8,>4.6
Primary and secondary syphilis,2023,Female,15–44,Nebraska,Adams County,31,001,0.0,≤4.6
Primary and secondary syphilis,2023,Female,15–44,Nebraska,Antelope County,31,003,0.0,≤4.6
Primary and secondary syphilis,2023,Female,15–44,Nebraska,Arthur County,31,005,0.0,≤4.6
Primary and secondary syphilis,2023,Female,15–44,Nebraska,Banner County,31,007,0.0,≤4.6
Primary and secondary syphilis,2023,Female,15–44,Nebraska,Blaine County,31,009,0.0,≤4.6
Primary and secondary syphilis,2023,Female,15–44,Nebraska,Boone County,31,011,0.0,≤4.6
Primary and secondary syphilis,2023,Female,15–44,Nebraska,Box Butte County,31,013,0.0,≤4.6
Primary and secondary syphilis,2023,Female,15–44,Nebraska,Boyd County,31,015,0.0,≤4.6
Primary and secondary syphilis,2023,Female,15–44,Nebraska,Brown County,31,017,0.0,≤4.6
Primary and secondary syphilis,2023,Female,15–44,Nebraska,Buffalo County,31,019,9.3,>4.6
Primary and secondary syphilis,2023,Female,15–44,Nebraska,Burt County,31,021,0.0,≤4.6
Primary and secondary syphilis,2023,Female,15–44,Nebraska,Butler County,31,023,0.0,≤4.6
Primary and secondary syphilis,2023,Female,15–44,Nebraska,Cass County,31,025,0.0,≤4.6
Primary and secondary syphilis,2023,Female,15–44,Nebraska,Cedar County,31,027,0.0,≤4.6
Primary and secondary syphilis,2023,Female,15–44,Nebraska,Chase County,31,029,0.0,≤4.6
Primary and secondary syphilis,2023,Female,15–44,Nebraska,Cherry County,31,031,0.0,≤4.6
Primary and secondary syphilis,2023,Female,15–44,Nebraska,Cheyenne County,31,033,0.0,≤4.6
Primary and secondary syphilis,2023,Female,15–44,Nebraska,Clay County,31,035,0.0,≤4.6
Primary and secondary syphilis,2023,Female,15–44,Nebraska,Colfax County,31,037,0.0,≤4.6
Primary and secondary syphilis,2023,Female,15–44,Nebraska,Cuming County,31,039,0.0,≤4.6
Primary and secondary syphilis,2023,Female,15–44,Nebraska,Custer County,31,041,0.0,≤4.6
Primary and secondary syphilis,2023,Female,15–44,Nebraska,Dakota County,31,043,124.7,>4.6
Primary and secondary syphilis,2023,Female,15–44,Nebraska,Dawes County,31,045,55.6,>4.6
Primary and secondary syphilis,2023,Female,15–44,Nebraska,Dawson County,31,047,0.0,≤4.6
Primary and secondary syphilis,2023,Female,15–44,Nebraska,Deuel County,31,049,0.0,≤4.6
Primary and secondary syphilis,2023,Female,15–44,Nebraska,Dixon County,31,051,0.0,≤4.6
Primary and secondary syphilis,2023,Female,15–44,Nebraska,Dodge County,31,053,75.7,>4.6
Primary and secondary syphilis,2023,Female,15–44,Nebraska,Douglas County,31,055,21.1,>4.6
Primary and secondary syphilis,2023,Female,15–44,Nebraska,Dundy County,31,057,0.0,≤4.6
Primary and secondary syphilis,2023,Female,15–44,Nebraska,Fillmore County,31,059,0.0,≤4.6
Primary and secondary syphilis,2023,Female,15–44,Nebraska,Franklin County,31,061,0.0,≤4.6
Primary and secondary syphilis,2023,Female,15–44,Nebraska,Frontier County,31,063,0.0,≤4.6
Primary and secondary syphilis,2023,Female,15–44,Nebraska,Furnas County,31,065,0.0,≤4.6
Primary and secondary syphilis,2023,Female,15–44,Nebraska,Gage County,31,067,28.6,>4.6
Primary and secondary syphilis,2023,Female,15–44,Nebraska,Garden County,31,069,0.0,≤4.6
Primary and secondary syphilis,2023,Female,15–44,Nebraska,Garfield County,31,071,0.0,≤4.6
Primary and secondary syphilis,2023,Female,15–44,Nebraska,Gosper County,31,073,0.0,≤4.6
Primary and secondary syphilis,2023,Female,15–44,Nebraska,Grant County,31,075,0.0,≤4.6
Primary and secondary syphilis,2023,Female,15–44,Nebraska,Greeley County,31,077,0.0,≤4.6
Primary and secondary syphilis,2023,Female,15–44,Nebraska,Hall County,31,079,0.0,≤4.6
Primary and secondary syphilis,2023,Female,15–44,Nebraska,Hamilton County,31,081,0.0,≤4.6
Primary and secondary syphilis,2023,Female,15–44,Nebraska,Harlan County,31,083,0.0,≤4.6
Primary and secondary syphilis,2023,Female,15–44,Nebraska,Hayes County,31,085,0.0,≤4.6
Primary and secondary syphilis,2023,Female,15–44,Nebraska,Hitchcock County,31,087,0.0,≤4.6
Primary and secondary syphilis,2023,Female,15–44,Nebraska,Holt County,31,089,62.5,>4.6
Primary and secondary syphilis,2023,Female,15–44,Nebraska,Hooker County,31,091,0.0,≤4.6
Primary and secondary syphilis,2023,Female,15–44,Nebraska,Howard County,31,093,0.0,≤4.6
Primary and secondary syphilis,2023,Female,15–44,Nebraska,Jefferson County,31,095,0.0,≤4.6
Primary and secondary syphilis,2023,Female,15–44,Nebraska,Johnson County,31,097,0.0,≤4.6
Primary and secondary syphilis,2023,Female,15–44,Nebraska,Kearney County,31,099,0.0,≤4.6
Primary and secondary syphilis,2023,Female,15–44,Nebraska,Keith County,31,101,0.0,≤4.6
Primary and secondary syphilis,2023,Female,15–44,Nebraska,Keya Paha County,31,103,0.0,≤4.6
Primary and secondary syphilis,2023,Female,15–44,Nebraska,Kimball County,31,105,0.0,≤4.6
Primary and secondary syphilis,2023,Female,15–44,Nebraska,Knox County,31,107,79.7,>4.6
Primary and secondary syphilis,2023,Female,15–44,Nebraska,Lancaster County,31,109,22.4,>4.6
Primary and secondary syphilis,2023,Female,15–44,Nebraska,Lincoln County,31,111,0.0,≤4.6
Primary and secondary syphilis,2023,Female,15–44,Nebraska,Logan County,31,113,0.0,≤4.6
Primary and secondary syphilis,2023,Female,15–44,Nebraska,Loup County,31,115,0.0,≤4.6
Primary and secondary syphilis,2023,Female,15–44,Nebraska,McPherson County,31,117,0.0,≤4.6
Primary and secondary syphilis,2023,Female,15–44,Nebraska,Madison County,31,119,45.8,>4.6
Primary and secondary syphilis,2023,Female,15–44,Nebraska,Merrick County,31,121,0.0,≤4.6
Primary and secondary syphilis,2023,Female,15–44,Nebraska,Morrill County,31,123,0.0,≤4.6
Primary and secondary syphilis,2023,Female,15–44,Nebraska,Nance County,31,125,0.0,≤4.6
Primary and secondary syphilis,2023,Female,15–44,Nebraska,Nemaha County,31,127,0.0,≤4.6
Primary and secondary syphilis,2023,Female,15–44,Nebraska,Nuckolls County,31,129,0.0,≤4.6
Primary and secondary syphilis,2023,Female,15–44,Nebraska,Otoe County,31,131,0.0,≤4.6
Primary and secondary syphilis,2023,Female,15–44,Nebraska,Pawnee County,31,133,0.0,≤4.6
Primary and secondary syphilis,2023,Female,15–44,Nebraska,Perkins County,31,135,0.0,≤4.6
Primary and secondary syphilis,2023,Female,15–44,Nebraska,Phelps County,31,137,0.0,≤4.6
Primary and secondary syphilis,2023,Female,15–44,Nebraska,Pierce County,31,139,0.0,≤4.6
Primary and secondary syphilis,2023,Female,15–44,Nebraska,Platte County,31,141,0.0,≤4.6
Primary and secondary syphilis,2023,Female,15–44,Nebraska,Polk County,31,143,0.0,≤4.6
Primary and secondary syphilis,2023,Female,15–44,Nebraska,Red Willow County,31,145,0.0,≤4.6
Primary and secondary syphilis,2023,Female,15–44,Nebraska,Richardson County,31,147,84.7,>4.6
Primary and secondary syphilis,2023,Female,15–44,Nebraska,Rock County,31,149,0.0,≤4.6
Primary and secondary syphilis,2023,Female,15–44,Nebraska,Saline County,31,151,0.0,≤4.6
Primary and secondary syphilis,2023,Female,15–44,Nebraska,Sarpy County,31,153,0.0,≤4.6
Primary and secondary syphilis,2023,Female,15–44,Nebraska,Saunders County,31,155,25.3,>4.6
Primary and secondary syphilis,2023,Female,15–44,Nebraska,Scotts Bluff County,31,157,46.7,>4.6
Primary and secondary syphilis,2023,Female,15–44,Nebraska,Seward County,31,159,0.0,≤4.6
Primary and secondary syphilis,2023,Female,15–44,Nebraska,Sheridan County,31,161,0.0,≤4.6
Primary and secondary syphilis,2023,Female,15–44,Nebraska,Sherman County,31,163,223.7,>4.6
Primary and secondary syphilis,2023,Female,15–44,Nebraska,Sioux County,31,165,0.0,≤4.6
Primary and secondary syphilis,2023,Female,15–44,Nebraska,Stanton County,31,167,0.0,≤4.6
Primary and secondary syphilis,2023,Female,15–44,Nebraska,Thayer County,31,169,0.0,≤4.6
Primary and secondary syphilis,2023,Female,15–44,Nebraska,Thomas County,31,171,0.0,≤4.6
Primary and secondary syphilis,2023,Female,15–44,Nebraska,Thurston County,31,173,237.7,>4.6
Primary and secondary syphilis,2023,Female,15–44,Nebraska,Valley County,31,175,0.0,≤4.6
Primary and secondary syphilis,2023,Female,15–44,Nebraska,Washington County,31,177,0.0,≤4.6
Primary and secondary syphilis,2023,Female,15–44,Nebraska,Wayne County,31,179,0.0,≤4.6
Primary and secondary syphilis,2023,Female,15–44,Nebraska,Webster County,31,181,0.0,≤4.6
Primary and secondary syphilis,2023,Female,15–44,Nebraska,Wheeler County,31,183,0.0,≤4.6
Primary and secondary syphilis,2023,Female,15–44,Nebraska,York County,31,185,37.4,>4.6
Primary and secondary syphilis,2023,Female,15–44,Nevada,Churchill County,32,001,43.8,>4.6
Primary and secondary syphilis,2023,Female,15–44,Nevada,Clark County,32,003,19.1,>4.6
Primary and secondary syphilis,2023,Female,15–44,Nevada,Douglas County,32,005,15.4,>4.6
Primary and secondary syphilis,2023,Female,15–44,Nevada,Elko County,32,007,0.0,≤4.6
Primary and secondary syphilis,2023,Female,15–44,Nevada,Esmeralda County,32,009,0.0,≤4.6
Primary and secondary syphilis,2023,Female,15–44,Nevada,Eureka County,32,011,0.0,≤4.6
Primary and secondary syphilis,2023,Female,15–44,Nevada,Humboldt County,32,013,31.2,>4.6
Primary and secondary syphilis,2023,Female,15–44,Nevada,Lander County,32,015,0.0,≤4.6
Primary and secondary syphilis,2023,Female,15–44,Nevada,Lincoln County,32,017,0.0,≤4.6
Primary and secondary syphilis,2023,Female,15–44,Nevada,Lyon County,32,019,19.0,>4.6
Primary and secondary syphilis,2023,Female,15–44,Nevada,Mineral County,32,021,0.0,≤4.6
Primary and secondary syphilis,2023,Female,15–44,Nevada,Nye County,32,023,13.2,>4.6
Primary and secondary syphilis,2023,Female,15–44,Nevada,Pershing County,32,027,0.0,≤4.6
Primary and secondary syphilis,2023,Female,15–44,Nevada,Storey County,32,029,0.0,≤4.6
Primary and secondary syphilis,2023,Female,15–44,Nevada,Washoe County,32,031,40.8,>4.6
Primary and secondary syphilis,2023,Female,15–44,Nevada,White Pine County,32,033,0.0,≤4.6
Primary and secondary syphilis,2023,Female,15–44,Nevada,Carson City,32,510,0.0,≤4.6
Primary and secondary syphilis,2023,Female,15–44,New Hampshire,Belknap County,33,001,0.0,≤4.6
Primary and secondary syphilis,2023,Female,15–44,New Hampshire,Carroll County,33,003,0.0,≤4.6
Primary and secondary syphilis,2023,Female,15–44,New Hampshire,Cheshire County,33,005,7.1,>4.6
Primary and secondary syphilis,2023,Female,15–44,New Hampshire,Coos County,33,007,0.0,≤4.6
Primary and secondary syphilis,2023,Female,15–44,New Hampshire,Grafton County,33,009,0.0,≤4.6
Primary and secondary syphilis,2023,Female,15–44,New Hampshire,Hillsborough County,33,011,2.5,≤4.6
Primary and secondary syphilis,2023,Female,15–44,New Hampshire,Merrimack County,33,013,6.9,>4.6
Primary and secondary syphilis,2023,Female,15–44,New Hampshire,Rockingham County,33,015,3.6,≤4.6
Primary and secondary syphilis,2023,Female,15–44,New Hampshire,Strafford County,33,017,0.0,≤4.6
Primary and secondary syphilis,2023,Female,15–44,New Hampshire,Sullivan County,33,019,0.0,≤4.6
Primary and secondary syphilis,2023,Female,15–44,New Jersey,Atlantic County,34,001,24.1,>4.6
Primary and secondary syphilis,2023,Female,15–44,New Jersey,Bergen County,34,003,2.3,≤4.6
Primary and secondary syphilis,2023,Female,15–44,New Jersey,Burlington County,34,005,2.3,≤4.6
Primary and secondary syphilis,2023,Female,15–44,New Jersey,Camden County,34,007,14.3,>4.6
Primary and secondary syphilis,2023,Female,15–44,New Jersey,Cape May County,34,009,0.0,≤4.6
Primary and secondary syphilis,2023,Female,15–44,New Jersey,Cumberland County,34,011,10.8,>4.6
Primary and secondary syphilis,2023,Female,15–44,New Jersey,Essex County,34,013,17.9,>4.6
Primary and secondary syphilis,2023,Female,15–44,New Jersey,Gloucester County,34,015,6.6,>4.6
Primary and secondary syphilis,2023,Female,15–44,New Jersey,Hudson County,34,017,3.7,≤4.6
Primary and secondary syphilis,2023,Female,15–44,New Jersey,Hunterdon County,34,019,0.0,≤4.6
Primary and secondary syphilis,2023,Female,15–44,New Jersey,Mercer County,34,021,2.7,≤4.6
Primary and secondary syphilis,2023,Female,15–44,New Jersey,Middlesex County,34,023,0.6,≤4.6
Primary and secondary syphilis,2023,Female,15–44,New Jersey,Monmouth County,34,025,6.2,>4.6
Primary and secondary syphilis,2023,Female,15–44,New Jersey,Morris County,34,027,0.0,≤4.6
Primary and secondary syphilis,2023,Female,15–44,New Jersey,Ocean County,34,029,1.9,≤4.6
Primary and secondary syphilis,2023,Female,15–44,New Jersey,Passaic County,34,031,14.0,>4.6
Primary and secondary syphilis,2023,Female,15–44,New Jersey,Salem County,34,033,8.5,>4.6
Primary and secondary syphilis,2023,Female,15–44,New Jersey,Somerset County,34,035,4.7,>4.6
Primary and secondary syphilis,2023,Female,15–44,New Jersey,Sussex County,34,037,7.9,>4.6
Primary and secondary syphilis,2023,Female,15–44,New Jersey,Union County,34,039,7.3,>4.6
Primary and secondary syphilis,2023,Female,15–44,New Jersey,Warren County,34,041,5.1,>4.6
Primary and secondary syphilis,2023,Female,15–44,New Mexico,Bernalillo County,35,001,48.4,>4.6
Primary and secondary syphilis,2023,Female,15–44,New Mexico,Catron County,35,003,0.0,≤4.6
Primary and secondary syphilis,2023,Female,15–44,New Mexico,Chaves County,35,005,24.1,>4.6
Primary and secondary syphilis,2023,Female,15–44,New Mexico,Cibola County,35,006,39.3,>4.6
Primary and secondary syphilis,2023,Female,15–44,New Mexico,Colfax County,35,007,55.8,>4.6
Primary and secondary syphilis,2023,Female,15–44,New Mexico,Curry County,35,009,134.0,>4.6
Primary and secondary syphilis,2023,Female,15–44,New Mexico,De Baca County,35,011,0.0,≤4.6
Primary and secondary syphilis,2023,Female,15–44,New Mexico,Doña Ana County,35,013,34.8,>4.6
Primary and secondary syphilis,2023,Female,15–44,New Mexico,Eddy County,35,015,34.0,>4.6
Primary and secondary syphilis,2023,Female,15–44,New Mexico,Grant County,35,017,0.0,≤4.6
Primary and secondary syphilis,2023,Female,15–44,New Mexico,Guadalupe County,35,019,0.0,≤4.6
Primary and secondary syphilis,2023,Female,15–44,New Mexico,Harding County,35,021,0.0,≤4.6
Primary and secondary syphilis,2023,Female,15–44,New Mexico,Hidalgo County,35,023,0.0,≤4.6
Primary and secondary syphilis,2023,Female,15–44,New Mexico,Lea County,35,025,33.9,>4.6
Primary and secondary syphilis,2023,Female,15–44,New Mexico,Lincoln County,35,027,0.0,≤4.6
Primary and secondary syphilis,2023,Female,15–44,New Mexico,Los Alamos County,35,028,29.1,>4.6
Primary and secondary syphilis,2023,Female,15–44,New Mexico,Luna County,35,029,133.7,>4.6
Primary and secondary syphilis,2023,Female,15–44,New Mexico,McKinley County,35,031,97.5,>4.6
Primary and secondary syphilis,2023,Female,15–44,New Mexico,Mora County,35,033,0.0,≤4.6
Primary and secondary syphilis,2023,Female,15–44,New Mexico,Otero County,35,035,31.2,>4.6
Primary and secondary syphilis,2023,Female,15–44,New Mexico,Quay County,35,037,0.0,≤4.6
Primary and secondary syphilis,2023,Female,15–44,New Mexico,Rio Arriba County,35,039,160.3,>4.6
Primary and secondary syphilis,2023,Female,15–44,New Mexico,Roosevelt County,35,041,95.1,>4.6
Primary and secondary syphilis,2023,Female,15–44,New Mexico,Sandoval County,35,043,17.3,>4.6
Primary and secondary syphilis,2023,Female,15–44,New Mexico,San Juan County,35,045,121.5,>4.6
Primary and secondary syphilis,2023,Female,15–44,New Mexico,San Miguel County,35,047,21.8,>4.6
Primary and secondary syphilis,2023,Female,15–44,New Mexico,Santa Fe County,35,049,20.0,>4.6
Primary and secondary syphilis,2023,Female,15–44,New Mexico,Sierra County,35,051,72.0,>4.6
Primary and secondary syphilis,2023,Female,15–44,New Mexico,Socorro County,35,053,36.1,>4.6
Primary and secondary syphilis,2023,Female,15–44,New Mexico,Taos County,35,055,0.0,≤4.6
Primary and secondary syphilis,2023,Female,15–44,New Mexico,Torrance County,35,057,80.5,>4.6
Primary and secondary syphilis,2023,Female,15–44,New Mexico,Union County,35,059,0.0,≤4.6
Primary and secondary syphilis,2023,Female,15–44,New Mexico,Valencia County,35,061,20.4,>4.6
Primary and secondary syphilis,2023,Female,15–44,New York,Albany County,36,001,15.9,>4.6
Primary and secondary syphilis,2023,Female,15–44,New York,Allegany County,36,003,0.0,≤4.6
Primary and secondary syphilis,2023,Female,15–44,New York,Bronx County,36,005,14.4,>4.6
Primary and secondary syphilis,2023,Female,15–44,New York,Broome County,36,007,5.2,>4.6
Primary and secondary syphilis,2023,Female,15–44,New York,Cattaraugus County,36,009,0.0,≤4.6
Primary and secondary syphilis,2023,Female,15–44,New York,Cayuga County,36,011,16.0,>4.6
Primary and secondary syphilis,2023,Female,15–44,New York,Chautauqua County,36,013,0.0,≤4.6
Primary and secondary syphilis,2023,Female,15–44,New York,Chemung County,36,015,69.2,>4.6
Primary and secondary syphilis,2023,Female,15–44,New York,Chenango County,36,017,0.0,≤4.6
Primary and secondary syphilis,2023,Female,15–44,New York,Clinton County,36,019,0.0,≤4.6
Primary and secondary syphilis,2023,Female,15–44,New York,Columbia County,36,021,0.0,≤4.6
Primary and secondary syphilis,2023,Female,15–44,New York,Cortland County,36,023,0.0,≤4.6
Primary and secondary syphilis,2023,Female,15–44,New York,Delaware County,36,025,0.0,≤4.6
Primary and secondary syphilis,2023,Female,15–44,New York,Dutchess County,36,027,25.0,>4.6
Primary and secondary syphilis,2023,Female,15–44,New York,Erie County,36,029,5.4,>4.6
Primary and secondary syphilis,2023,Female,15–44,New York,Essex County,36,031,0.0,≤4.6
Primary and secondary syphilis,2023,Female,15–44,New York,Franklin County,36,033,0.0,≤4.6
Primary and secondary syphilis,2023,Female,15–44,New York,Fulton County,36,035,0.0,≤4.6
Primary and secondary syphilis,2023,Female,15–44,New York,Genesee County,36,037,0.0,≤4.6
Primary and secondary syphilis,2023,Female,15–44,New York,Greene County,36,039,0.0,≤4.6
Primary and secondary syphilis,2023,Female,15–44,New York,Hamilton County,36,041,0.0,≤4.6
Primary and secondary syphilis,2023,Female,15–44,New York,Herkimer County,36,043,0.0,≤4.6
Primary and secondary syphilis,2023,Female,15–44,New York,Jefferson County,36,045,0.0,≤4.6
Primary and secondary syphilis,2023,Female,15–44,New York,Kings County,36,047,8.5,>4.6
Primary and secondary syphilis,2023,Female,15–44,New York,Lewis County,36,049,0.0,≤4.6
Primary and secondary syphilis,2023,Female,15–44,New York,Livingston County,36,051,16.8,>4.6
Primary and secondary syphilis,2023,Female,15–44,New York,Madison County,36,053,0.0,≤4.6
Primary and secondary syphilis,2023,Female,15–44,New York,Monroe County,36,055,33.5,>4.6
Primary and secondary syphilis,2023,Female,15–44,New York,Montgomery County,36,057,0.0,≤4.6
Primary and secondary syphilis,2023,Female,15–44,New York,Nassau County,36,059,4.4,≤4.6
Primary and secondary syphilis,2023,Female,15–44,New York,New York County,36,061,6.5,>4.6
Primary and secondary syphilis,2023,Female,15–44,New York,Niagara County,36,063,0.0,≤4.6
Primary and secondary syphilis,2023,Female,15–44,New York,Oneida County,36,065,2.5,≤4.6
Primary and secondary syphilis,2023,Female,15–44,New York,Onondaga County,36,067,9.7,>4.6
Primary and secondary syphilis,2023,Female,15–44,New York,Ontario County,36,069,25.6,>4.6
Primary and secondary syphilis,2023,Female,15–44,New York,Orange County,36,071,8.9,>4.6
Primary and secondary syphilis,2023,Female,15–44,New York,Orleans County,36,073,14.8,>4.6
Primary and secondary syphilis,2023,Female,15–44,New York,Oswego County,36,075,9.0,>4.6
Primary and secondary syphilis,2023,Female,15–44,New York,Otsego County,36,077,7.4,>4.6
Primary and secondary syphilis,2023,Female,15–44,New York,Putnam County,36,079,0.0,≤4.6
Primary and secondary syphilis,2023,Female,15–44,New York,Queens County,36,081,8.3,>4.6
Primary and secondary syphilis,2023,Female,15–44,New York,Rensselaer County,36,083,16.1,>4.6
Primary and secondary syphilis,2023,Female,15–44,New York,Richmond County,36,085,4.3,≤4.6
Primary and secondary syphilis,2023,Female,15–44,New York,Rockland County,36,087,0.0,≤4.6
Primary and secondary syphilis,2023,Female,15–44,New York,St. Lawrence County,36,089,5.0,>4.6
Primary and secondary syphilis,2023,Female,15–44,New York,Saratoga County,36,091,2.4,≤4.6
Primary and secondary syphilis,2023,Female,15–44,New York,Schenectady County,36,093,19.1,>4.6
Primary and secondary syphilis,2023,Female,15–44,New York,Schoharie County,36,095,0.0,≤4.6
Primary and secondary syphilis,2023,Female,15–44,New York,Schuyler County,36,097,0.0,≤4.6
Primary and secondary syphilis,2023,Female,15–44,New York,Seneca County,36,099,37.7,>4.6
Primary and secondary syphilis,2023,Female,15–44,New York,Steuben County,36,101,44.5,>4.6
Primary and secondary syphilis,2023,Female,15–44,New York,Suffolk County,36,103,3.6,≤4.6
Primary and secondary syphilis,2023,Female,15–44,New York,Sullivan County,36,105,14.5,>4.6
Primary and secondary syphilis,2023,Female,15–44,New York,Tioga County,36,107,0.0,≤4.6
Primary and secondary syphilis,2023,Female,15–44,New York,Tompkins County,36,109,3.7,≤4.6
Primary and secondary syphilis,2023,Female,15–44,New York,Ulster County,36,111,9.0,>4.6
Primary and secondary syphilis,2023,Female,15–44,New York,Warren County,36,113,9.3,>4.6
Primary and secondary syphilis,2023,Female,15–44,New York,Washington County,36,115,0.0,≤4.6
Primary and secondary syphilis,2023,Female,15–44,New York,Wayne County,36,117,65.2,>4.6
Primary and secondary syphilis,2023,Female,15–44,New York,Westchester County,36,119,5.5,>4.6
Primary and secondary syphilis,2023,Female,15–44,New York,Wyoming County,36,121,0.0,≤4.6
Primary and secondary syphilis,2023,Female,15–44,New York,Yates County,36,123,47.0,>4.6
Primary and secondary syphilis,2023,Female,15–44,North Carolina,Alamance County,37,001,30.1,>4.6
Primary and secondary syphilis,2023,Female,15–44,North Carolina,Alexander County,37,003,50.1,>4.6
Primary and secondary syphilis,2023,Female,15–44,North Carolina,Alleghany County,37,005,0.0,≤4.6
Primary and secondary syphilis,2023,Female,15–44,North Carolina,Anson County,37,007,27.2,>4.6
Primary and secondary syphilis,2023,Female,15–44,North Carolina,Ashe County,37,009,0.0,≤4.6
Primary and secondary syphilis,2023,Female,15–44,North Carolina,Avery County,37,011,37.3,>4.6
Primary and secondary syphilis,2023,Female,15–44,North Carolina,Beaufort County,37,013,14.4,>4.6
Primary and secondary syphilis,2023,Female,15–44,North Carolina,Bertie County,37,015,81.3,>4.6
Primary and secondary syphilis,2023,Female,15–44,North Carolina,Bladen County,37,017,20.3,>4.6
Primary and secondary syphilis,2023,Female,15–44,North Carolina,Brunswick County,37,019,0.0,≤4.6
Primary and secondary syphilis,2023,Female,15–44,North Carolina,Buncombe County,37,021,22.3,>4.6
Primary and secondary syphilis,2023,Female,15–44,North Carolina,Burke County,37,023,20.7,>4.6
Primary and secondary syphilis,2023,Female,15–44,North Carolina,Cabarrus County,37,025,18.4,>4.6
Primary and secondary syphilis,2023,Female,15–44,North Carolina,Caldwell County,37,027,36.8,>4.6
Primary and secondary syphilis,2023,Female,15–44,North Carolina,Camden County,37,029,0.0,≤4.6
Primary and secondary syphilis,2023,Female,15–44,North Carolina,Carteret County,37,031,0.0,≤4.6
Primary and secondary syphilis,2023,Female,15–44,North Carolina,Caswell County,37,033,29.3,>4.6
Primary and secondary syphilis,2023,Female,15–44,North Carolina,Catawba County,37,035,26.8,>4.6
Primary and secondary syphilis,2023,Female,15–44,North Carolina,Chatham County,37,037,7.9,>4.6
Primary and secondary syphilis,2023,Female,15–44,North Carolina,Cherokee County,37,039,0.0,≤4.6
Primary and secondary syphilis,2023,Female,15–44,North Carolina,Chowan County,37,041,0.0,≤4.6
Primary and secondary syphilis,2023,Female,15–44,North Carolina,Clay County,37,043,0.0,≤4.6
Primary and secondary syphilis,2023,Female,15–44,North Carolina,Cleveland County,37,045,31.9,>4.6
Primary and secondary syphilis,2023,Female,15–44,North Carolina,Columbus County,37,047,35.5,>4.6
Primary and secondary syphilis,2023,Female,15–44,North Carolina,Craven County,37,049,10.9,>4.6
Primary and secondary syphilis,2023,Female,15–44,North Carolina,Cumberland County,37,051,35.7,>4.6
Primary and secondary syphilis,2023,Female,15–44,North Carolina,Currituck County,37,053,18.2,>4.6
Primary and secondary syphilis,2023,Female,15–44,North Carolina,Dare County,37,055,0.0,≤4.6
Primary and secondary syphilis,2023,Female,15–44,North Carolina,Davidson County,37,057,44.7,>4.6
Primary and secondary syphilis,2023,Female,15–44,North Carolina,Davie County,37,059,0.0,≤4.6
Primary and secondary syphilis,2023,Female,15–44,North Carolina,Duplin County,37,061,0.0,≤4.6
Primary and secondary syphilis,2023,Female,15–44,North Carolina,Durham County,37,063,16.3,>4.6
Primary and secondary syphilis,2023,Female,15–44,North Carolina,Edgecombe County,37,065,121.9,>4.6
Primary and secondary syphilis,2023,Female,15–44,North Carolina,Forsyth County,37,067,23.3,>4.6
Primary and secondary syphilis,2023,Female,15–44,North Carolina,Franklin County,37,069,0.0,≤4.6
Primary and secondary syphilis,2023,Female,15–44,North Carolina,Gaston County,37,071,19.4,>4.6
Primary and secondary syphilis,2023,Female,15–44,North Carolina,Gates County,37,073,0.0,≤4.6
Primary and secondary syphilis,2023,Female,15–44,North Carolina,Graham County,37,075,0.0,≤4.6
Primary and secondary syphilis,2023,Female,15–44,North Carolina,Granville County,37,077,18.9,>4.6
Primary and secondary syphilis,2023,Female,15–44,North Carolina,Greene County,37,079,33.0,>4.6
Primary and secondary syphilis,2023,Female,15–44,North Carolina,Guilford County,37,081,29.8,>4.6
Primary and secondary syphilis,2023,Female,15–44,North Carolina,Halifax County,37,083,25.2,>4.6
Primary and secondary syphilis,2023,Female,15–44,North Carolina,Harnett County,37,085,17.0,>4.6
Primary and secondary syphilis,2023,Female,15–44,North Carolina,Haywood County,37,087,9.8,>4.6
Primary and secondary syphilis,2023,Female,15–44,North Carolina,Henderson County,37,089,26.5,>4.6
Primary and secondary syphilis,2023,Female,15–44,North Carolina,Hertford County,37,091,28.8,>4.6
Primary and secondary syphilis,2023,Female,15–44,North Carolina,Hoke County,37,093,17.0,>4.6
Primary and secondary syphilis,2023,Female,15–44,North Carolina,Hyde County,37,095,0.0,≤4.6
Primary and secondary syphilis,2023,Female,15–44,North Carolina,Iredell County,37,097,0.0,≤4.6
Primary and secondary syphilis,2023,Female,15–44,North Carolina,Jackson County,37,099,0.0,≤4.6
Primary and secondary syphilis,2023,Female,15–44,North Carolina,Johnston County,37,101,10.4,>4.6
Primary and secondary syphilis,2023,Female,15–44,North Carolina,Jones County,37,103,0.0,≤4.6
Primary and secondary syphilis,2023,Female,15–44,North Carolina,Lee County,37,105,7.9,>4.6
Primary and secondary syphilis,2023,Female,15–44,North Carolina,Lenoir County,37,107,20.4,>4.6
Primary and secondary syphilis,2023,Female,15–44,North Carolina,Lincoln County,37,109,6.3,>4.6
Primary and secondary syphilis,2023,Female,15–44,North Carolina,McDowell County,37,111,53.7,>4.6
Primary and secondary syphilis,2023,Female,15–44,North Carolina,Macon County,37,113,17.2,>4.6
Primary and secondary syphilis,2023,Female,15–44,North Carolina,Madison County,37,115,0.0,≤4.6
Primary and secondary syphilis,2023,Female,15–44,North Carolina,Martin County,37,117,85.6,>4.6
Primary and secondary syphilis,2023,Female,15–44,North Carolina,Mecklenburg County,37,119,22.4,>4.6
Primary and secondary syphilis,2023,Female,15–44,North Carolina,Mitchell County,37,121,43.3,>4.6
Primary and secondary syphilis,2023,Female,15–44,North Carolina,Montgomery County,37,123,22.4,>4.6
Primary and secondary syphilis,2023,Female,15–44,North Carolina,Moore County,37,125,16.5,>4.6
Primary and secondary syphilis,2023,Female,15–44,North Carolina,Nash County,37,127,68.8,>4.6
Primary and secondary syphilis,2023,Female,15–44,North Carolina,New Hanover County,37,129,9.8,>4.6
Primary and secondary syphilis,2023,Female,15–44,North Carolina,Northampton County,37,131,0.0,≤4.6
Primary and secondary syphilis,2023,Female,15–44,North Carolina,Onslow County,37,133,6.9,>4.6
Primary and secondary syphilis,2023,Female,15–44,North Carolina,Orange County,37,135,5.6,>4.6
Primary and secondary syphilis,2023,Female,15–44,North Carolina,Pamlico County,37,137,0.0,≤4.6
Primary and secondary syphilis,2023,Female,15–44,North Carolina,Pasquotank County,37,139,12.6,>4.6
Primary and secondary syphilis,2023,Female,15–44,North Carolina,Pender County,37,141,0.0,≤4.6
Primary and secondary syphilis,2023,Female,15–44,North Carolina,Perquimans County,37,143,0.0,≤4.6
Primary and secondary syphilis,2023,Female,15–44,North Carolina,Person County,37,145,14.9,>4.6
Primary and secondary syphilis,2023,Female,15–44,North Carolina,Pitt County,37,147,18.8,>4.6
Primary and secondary syphilis,2023,Female,15–44,North Carolina,Polk County,37,149,0.0,≤4.6
Primary and secondary syphilis,2023,Female,15–44,North Carolina,Randolph County,37,151,11.4,>4.6
Primary and secondary syphilis,2023,Female,15–44,North Carolina,Richmond County,37,153,26.0,>4.6
Primary and secondary syphilis,2023,Female,15–44,North Carolina,Robeson County,37,155,21.6,>4.6
Primary and secondary syphilis,2023,Female,15–44,North Carolina,Rockingham County,37,157,12.7,>4.6
Primary and secondary syphilis,2023,Female,15–44,North Carolina,Rowan County,37,159,17.7,>4.6
Primary and secondary syphilis,2023,Female,15–44,North Carolina,Rutherford County,37,161,125.8,>4.6
Primary and secondary syphilis,2023,Female,15–44,North Carolina,Sampson County,37,163,9.5,>4.6
Primary and secondary syphilis,2023,Female,15–44,North Carolina,Scotland County,37,165,16.8,>4.6
Primary and secondary syphilis,2023,Female,15–44,North Carolina,Stanly County,37,167,8.4,>4.6
Primary and secondary syphilis,2023,Female,15–44,North Carolina,Stokes County,37,169,0.0,≤4.6
Primary and secondary syphilis,2023,Female,15–44,North Carolina,Surry County,37,171,8.3,>4.6
Primary and secondary syphilis,2023,Female,15–44,North Carolina,Swain County,37,173,0.0,≤4.6
Primary and secondary syphilis,2023,Female,15–44,North Carolina,Transylvania County,37,175,0.0,≤4.6
Primary and secondary syphilis,2023,Female,15–44,North Carolina,Tyrrell County,37,177,0.0,≤4.6
Primary and secondary syphilis,2023,Female,15–44,North Carolina,Union County,37,179,12.2,>4.6
Primary and secondary syphilis,2023,Female,15–44,North Carolina,Vance County,37,181,24.9,>4.6
Primary and secondary syphilis,2023,Female,15–44,North Carolina,Wake County,37,183,9.4,>4.6
Primary and secondary syphilis,2023,Female,15–44,North Carolina,Warren County,37,185,0.0,≤4.6
Primary and secondary syphilis,2023,Female,15–44,North Carolina,Washington County,37,187,0.0,≤4.6
Primary and secondary syphilis,2023,Female,15–44,North Carolina,Watauga County,37,189,7.0,>4.6
Primary and secondary syphilis,2023,Female,15–44,North Carolina,Wayne County,37,191,9.0,>4.6
Primary and secondary syphilis,2023,Female,15–44,North Carolina,Wilkes County,37,193,0.0,≤4.6
Primary and secondary syphilis,2023,Female,15–44,North Carolina,Wilson County,37,195,20.3,>4.6
Primary and secondary syphilis,2023,Female,15–44,North Carolina,Yadkin County,37,197,16.2,>4.6
Primary and secondary syphilis,2023,Female,15–44,North Carolina,Yancey County,37,199,33.9,>4.6
Primary and secondary syphilis,2023,Female,15–44,North Dakota,Adams County,38,001,0.0,≤4.6
Primary and secondary syphilis,2023,Female,15–44,North Dakota,Barnes County,38,003,0.0,≤4.6
Primary and secondary syphilis,2023,Female,15–44,North Dakota,Benson County,38,005,0.0,≤4.6
Primary and secondary syphilis,2023,Female,15–44,North Dakota,Billings County,38,007,0.0,≤4.6
Primary and secondary syphilis,2023,Female,15–44,North Dakota,Bottineau County,38,009,0.0,≤4.6
Primary and secondary syphilis,2023,Female,15–44,North Dakota,Bowman County,38,011,0.0,≤4.6
Primary and secondary syphilis,2023,Female,15–44,North Dakota,Burke County,38,013,0.0,≤4.6
Primary and secondary syphilis,2023,Female,15–44,North Dakota,Burleigh County,38,015,36.8,>4.6
Primary and secondary syphilis,2023,Female,15–44,North Dakota,Cass County,38,017,4.3,≤4.6
Primary and secondary syphilis,2023,Female,15–44,North Dakota,Cavalier County,38,019,0.0,≤4.6
Primary and secondary syphilis,2023,Female,15–44,North Dakota,Dickey County,38,021,0.0,≤4.6
Primary and secondary syphilis,2023,Female,15–44,North Dakota,Divide County,38,023,0.0,≤4.6
Primary and secondary syphilis,2023,Female,15–44,North Dakota,Dunn County,38,025,0.0,≤4.6
Primary and secondary syphilis,2023,Female,15–44,North Dakota,Eddy County,38,027,0.0,≤4.6
Primary and secondary syphilis,2023,Female,15–44,North Dakota,Emmons County,38,029,0.0,≤4.6
Primary and secondary syphilis,2023,Female,15–44,North Dakota,Foster County,38,031,0.0,≤4.6
Primary and secondary syphilis,2023,Female,15–44,North Dakota,Golden Valley County,38,033,0.0,≤4.6
Primary and secondary syphilis,2023,Female,15–44,North Dakota,Grand Forks County,38,035,6.0,>4.6
Primary and secondary syphilis,2023,Female,15–44,North Dakota,Grant County,38,037,0.0,≤4.6
Primary and secondary syphilis,2023,Female,15–44,North Dakota,Griggs County,38,039,0.0,≤4.6
Primary and secondary syphilis,2023,Female,15–44,North Dakota,Hettinger County,38,041,0.0,≤4.6
Primary and secondary syphilis,2023,Female,15–44,North Dakota,Kidder County,38,043,0.0,≤4.6
Primary and secondary syphilis,2023,Female,15–44,North Dakota,LaMoure County,38,045,0.0,≤4.6
Primary and secondary syphilis,2023,Female,15–44,North Dakota,Logan County,38,047,0.0,≤4.6
Primary and secondary syphilis,2023,Female,15–44,North Dakota,McHenry County,38,049,0.0,≤4.6
Primary and secondary syphilis,2023,Female,15–44,North Dakota,McIntosh County,38,051,0.0,≤4.6
Primary and secondary syphilis,2023,Female,15–44,North Dakota,McKenzie County,38,053,0.0,≤4.6
Primary and secondary syphilis,2023,Female,15–44,North Dakota,McLean County,38,055,0.0,≤4.6
Primary and secondary syphilis,2023,Female,15–44,North Dakota,Mercer County,38,057,0.0,≤4.6
Primary and secondary syphilis,2023,Female,15–44,North Dakota,Morton County,38,059,76.7,>4.6
Primary and secondary syphilis,2023,Female,15–44,North Dakota,Mountrail County,38,061,176.3,>4.6
Primary and secondary syphilis,2023,Female,15–44,North Dakota,Nelson County,38,063,0.0,≤4.6
Primary and secondary syphilis,2023,Female,15–44,North Dakota,Oliver County,38,065,0.0,≤4.6
Primary and secondary syphilis,2023,Female,15–44,North Dakota,Pembina County,38,067,0.0,≤4.6
Primary and secondary syphilis,2023,Female,15–44,North Dakota,Pierce County,38,069,0.0,≤4.6
Primary and secondary syphilis,2023,Female,15–44,North Dakota,Ramsey County,38,071,0.0,≤4.6
Primary and secondary syphilis,2023,Female,15–44,North Dakota,Ransom County,38,073,0.0,≤4.6
Primary and secondary syphilis,2023,Female,15–44,North Dakota,Renville County,38,075,0.0,≤4.6
Primary and secondary syphilis,2023,Female,15–44,North Dakota,Richland County,38,077,33.0,>4.6
Primary and secondary syphilis,2023,Female,15–44,North Dakota,Rolette County,38,079,44.7,>4.6
Primary and secondary syphilis,2023,Female,15–44,North Dakota,Sargent County,38,081,0.0,≤4.6
Primary and secondary syphilis,2023,Female,15–44,North Dakota,Sheridan County,38,083,0.0,≤4.6
Primary and secondary syphilis,2023,Female,15–44,North Dakota,Sioux County,38,085,"1,366.1",>4.6
Primary and secondary syphilis,2023,Female,15–44,North Dakota,Slope County,38,087,0.0,≤4.6
Primary and secondary syphilis,2023,Female,15–44,North Dakota,Stark County,38,089,0.0,≤4.6
Primary and secondary syphilis,2023,Female,15–44,North Dakota,Steele County,38,091,0.0,≤4.6
Primary and secondary syphilis,2023,Female,15–44,North Dakota,Stutsman County,38,093,0.0,≤4.6
Primary and secondary syphilis,2023,Female,15–44,North Dakota,Towner County,38,095,0.0,≤4.6
Primary and secondary syphilis,2023,Female,15–44,North Dakota,Traill County,38,097,0.0,≤4.6
Primary and secondary syphilis,2023,Female,15–44,North Dakota,Walsh County,38,099,0.0,≤4.6
Primary and secondary syphilis,2023,Female,15–44,North Dakota,Ward County,38,101,0.0,≤4.6
Primary and secondary syphilis,2023,Female,15–44,North Dakota,Wells County,38,103,0.0,≤4.6
Primary and secondary syphilis,2023,Female,15–44,North Dakota,Williams County,38,105,0.0,≤4.6
Primary and secondary syphilis,2023,Female,15–44,Ohio,Adams County,39,001,0.0,≤4.6
Primary and secondary syphilis,2023,Female,15–44,Ohio,Allen County,39,003,16.5,>4.6
Primary and secondary syphilis,2023,Female,15–44,Ohio,Ashland County,39,005,0.0,≤4.6
Primary and secondary syphilis,2023,Female,15–44,Ohio,Ashtabula County,39,007,18.9,>4.6
Primary and secondary syphilis,2023,Female,15–44,Ohio,Athens County,39,009,0.0,≤4.6
Primary and secondary syphilis,2023,Female,15–44,Ohio,Auglaize County,39,011,0.0,≤4.6
Primary and secondary syphilis,2023,Female,15–44,Ohio,Belmont County,39,013,0.0,≤4.6
Primary and secondary syphilis,2023,Female,15–44,Ohio,Brown County,39,015,0.0,≤4.6
Primary and secondary syphilis,2023,Female,15–44,Ohio,Butler County,39,017,11.3,>4.6
Primary and secondary syphilis,2023,Female,15–44,Ohio,Carroll County,39,019,23.4,>4.6
Primary and secondary syphilis,2023,Female,15–44,Ohio,Champaign County,39,021,0.0,≤4.6
Primary and secondary syphilis,2023,Female,15–44,Ohio,Clark County,39,023,24.8,>4.6
Primary and secondary syphilis,2023,Female,15–44,Ohio,Clermont County,39,025,2.6,≤4.6
Primary and secondary syphilis,2023,Female,15–44,Ohio,Clinton County,39,027,13.1,>4.6
Primary and secondary syphilis,2023,Female,15–44,Ohio,Columbiana County,39,029,6.3,>4.6
Primary and secondary syphilis,2023,Female,15–44,Ohio,Coshocton County,39,031,15.7,>4.6
Primary and secondary syphilis,2023,Female,15–44,Ohio,Crawford County,39,033,14.1,>4.6
Primary and secondary syphilis,2023,Female,15–44,Ohio,Cuyahoga County,39,035,19.8,>4.6
Primary and secondary syphilis,2023,Female,15–44,Ohio,Darke County,39,037,0.0,≤4.6
Primary and secondary syphilis,2023,Female,15–44,Ohio,Defiance County,39,039,0.0,≤4.6
Primary and secondary syphilis,2023,Female,15–44,Ohio,Delaware County,39,041,11.5,>4.6
Primary and secondary syphilis,2023,Female,15–44,Ohio,Erie County,39,043,8.1,>4.6
Primary and secondary syphilis,2023,Female,15–44,Ohio,Fairfield County,39,045,16.4,>4.6
Primary and secondary syphilis,2023,Female,15–44,Ohio,Fayette County,39,047,0.0,≤4.6
Primary and secondary syphilis,2023,Female,15–44,Ohio,Franklin County,39,049,47.2,>4.6
Primary and secondary syphilis,2023,Female,15–44,Ohio,Fulton County,39,051,0.0,≤4.6
Primary and secondary syphilis,2023,Female,15–44,Ohio,Gallia County,39,053,40.7,>4.6
Primary and secondary syphilis,2023,Female,15–44,Ohio,Geauga County,39,055,6.7,>4.6
Primary and secondary syphilis,2023,Female,15–44,Ohio,Greene County,39,057,0.0,≤4.6
Primary and secondary syphilis,2023,Female,15–44,Ohio,Guernsey County,39,059,0.0,≤4.6
Primary and secondary syphilis,2023,Female,15–44,Ohio,Hamilton County,39,061,26.2,>4.6
Primary and secondary syphilis,2023,Female,15–44,Ohio,Hancock County,39,063,7.1,>4.6
Primary and secondary syphilis,2023,Female,15–44,Ohio,Hardin County,39,065,16.2,>4.6
Primary and secondary syphilis,2023,Female,15–44,Ohio,Harrison County,39,067,0.0,≤4.6
Primary and secondary syphilis,2023,Female,15–44,Ohio,Henry County,39,069,0.0,≤4.6
Primary and secondary syphilis,2023,Female,15–44,Ohio,Highland County,39,071,0.0,≤4.6
Primary and secondary syphilis,2023,Female,15–44,Ohio,Hocking County,39,073,0.0,≤4.6
Primary and secondary syphilis,2023,Female,15–44,Ohio,Holmes County,39,075,0.0,≤4.6
Primary and secondary syphilis,2023,Female,15–44,Ohio,Huron County,39,077,0.0,≤4.6
Primary and secondary syphilis,2023,Female,15–44,Ohio,Jackson County,39,079,0.0,≤4.6
Primary and secondary syphilis,2023,Female,15–44,Ohio,Jefferson County,39,081,8.8,>4.6
Primary and secondary syphilis,2023,Female,15–44,Ohio,Knox County,39,083,25.4,>4.6
Primary and secondary syphilis,2023,Female,15–44,Ohio,Lake County,39,085,4.9,>4.6
Primary and secondary syphilis,2023,Female,15–44,Ohio,Lawrence County,39,087,29.6,>4.6
Primary and secondary syphilis,2023,Female,15–44,Ohio,Licking County,39,089,20.3,>4.6
Primary and secondary syphilis,2023,Female,15–44,Ohio,Logan County,39,091,37.8,>4.6
Primary and secondary syphilis,2023,Female,15–44,Ohio,Lorain County,39,093,8.9,>4.6
Primary and secondary syphilis,2023,Female,15–44,Ohio,Lucas County,39,095,7.1,>4.6
Primary and secondary syphilis,2023,Female,15–44,Ohio,Madison County,39,097,27.8,>4.6
Primary and secondary syphilis,2023,Female,15–44,Ohio,Mahoning County,39,099,10.3,>4.6
Primary and secondary syphilis,2023,Female,15–44,Ohio,Marion County,39,101,19.0,>4.6
Primary and secondary syphilis,2023,Female,15–44,Ohio,Medina County,39,103,0.0,≤4.6
Primary and secondary syphilis,2023,Female,15–44,Ohio,Meigs County,39,105,0.0,≤4.6
Primary and secondary syphilis,2023,Female,15–44,Ohio,Mercer County,39,107,0.0,≤4.6
Primary and secondary syphilis,2023,Female,15–44,Ohio,Miami County,39,109,0.0,≤4.6
Primary and secondary syphilis,2023,Female,15–44,Ohio,Monroe County,39,111,0.0,≤4.6
Primary and secondary syphilis,2023,Female,15–44,Ohio,Montgomery County,39,113,28.5,>4.6
Primary and secondary syphilis,2023,Female,15–44,Ohio,Morgan County,39,115,0.0,≤4.6
Primary and secondary syphilis,2023,Female,15–44,Ohio,Morrow County,39,117,0.0,≤4.6
Primary and secondary syphilis,2023,Female,15–44,Ohio,Muskingum County,39,119,18.9,>4.6
Primary and secondary syphilis,2023,Female,15–44,Ohio,Noble County,39,121,0.0,≤4.6
Primary and secondary syphilis,2023,Female,15–44,Ohio,Ottawa County,39,123,0.0,≤4.6
Primary and secondary syphilis,2023,Female,15–44,Ohio,Paulding County,39,125,0.0,≤4.6
Primary and secondary syphilis,2023,Female,15–44,Ohio,Perry County,39,127,0.0,≤4.6
Primary and secondary syphilis,2023,Female,15–44,Ohio,Pickaway County,39,129,0.0,≤4.6
Primary and secondary syphilis,2023,Female,15–44,Ohio,Pike County,39,131,0.0,≤4.6
Primary and secondary syphilis,2023,Female,15–44,Ohio,Portage County,39,133,0.0,≤4.6
Primary and secondary syphilis,2023,Female,15–44,Ohio,Preble County,39,135,43.2,>4.6
Primary and secondary syphilis,2023,Female,15–44,Ohio,Putnam County,39,137,0.0,≤4.6
Primary and secondary syphilis,2023,Female,15–44,Ohio,Richland County,39,139,19.0,>4.6
Primary and secondary syphilis,2023,Female,15–44,Ohio,Ross County,39,141,15.7,>4.6
Primary and secondary syphilis,2023,Female,15–44,Ohio,Sandusky County,39,143,19.5,>4.6
Primary and secondary syphilis,2023,Female,15–44,Ohio,Scioto County,39,145,7.7,>4.6
Primary and secondary syphilis,2023,Female,15–44,Ohio,Seneca County,39,147,0.0,≤4.6
Primary and secondary syphilis,2023,Female,15–44,Ohio,Shelby County,39,149,0.0,≤4.6
Primary and secondary syphilis,2023,Female,15–44,Ohio,Stark County,39,151,19.2,>4.6
Primary and secondary syphilis,2023,Female,15–44,Ohio,Summit County,39,153,42.6,>4.6
Primary and secondary syphilis,2023,Female,15–44,Ohio,Trumbull County,39,155,8.7,>4.6
Primary and secondary syphilis,2023,Female,15–44,Ohio,Tuscarawas County,39,157,6.3,>4.6
Primary and secondary syphilis,2023,Female,15–44,Ohio,Union County,39,159,26.8,>4.6
Primary and secondary syphilis,2023,Female,15–44,Ohio,Van Wert County,39,161,19.9,>4.6
Primary and secondary syphilis,2023,Female,15–44,Ohio,Vinton County,39,163,0.0,≤4.6
Primary and secondary syphilis,2023,Female,15–44,Ohio,Warren County,39,165,10.9,>4.6
Primary and secondary syphilis,2023,Female,15–44,Ohio,Washington County,39,167,0.0,≤4.6
Primary and secondary syphilis,2023,Female,15–44,Ohio,Wayne County,39,169,0.0,≤4.6
Primary and secondary syphilis,2023,Female,15–44,Ohio,Williams County,39,171,0.0,≤4.6
Primary and secondary syphilis,2023,Female,15–44,Ohio,Wood County,39,173,0.0,≤4.6
Primary and secondary syphilis,2023,Female,15–44,Ohio,Wyandot County,39,175,27.3,>4.6
Primary and secondary syphilis,2023,Female,15–44,Oklahoma,Adair County,40,001,303.3,>4.6
Primary and secondary syphilis,2023,Female,15–44,Oklahoma,Alfalfa County,40,003,0.0,≤4.6
Primary and secondary syphilis,2023,Female,15–44,Oklahoma,Atoka County,40,005,88.0,>4.6
Primary and secondary syphilis,2023,Female,15–44,Oklahoma,Beaver County,40,007,0.0,≤4.6
Primary and secondary syphilis,2023,Female,15–44,Oklahoma,Beckham County,40,009,81.1,>4.6
Primary and secondary syphilis,2023,Female,15–44,Oklahoma,Blaine County,40,011,0.0,≤4.6
Primary and secondary syphilis,2023,Female,15–44,Oklahoma,Bryan County,40,013,111.5,>4.6
Primary and secondary syphilis,2023,Female,15–44,Oklahoma,Caddo County,40,015,425.9,>4.6
Primary and secondary syphilis,2023,Female,15–44,Oklahoma,Canadian County,40,017,13.4,>4.6
Primary and secondary syphilis,2023,Female,15–44,Oklahoma,Carter County,40,019,21.4,>4.6
Primary and secondary syphilis,2023,Female,15–44,Oklahoma,Cherokee County,40,021,29.4,>4.6
Primary and secondary syphilis,2023,Female,15–44,Oklahoma,Choctaw County,40,023,40.0,>4.6
Primary and secondary syphilis,2023,Female,15–44,Oklahoma,Cimarron County,40,025,0.0,≤4.6
Primary and secondary syphilis,2023,Female,15–44,Oklahoma,Cleveland County,40,027,17.5,>4.6
Primary and secondary syphilis,2023,Female,15–44,Oklahoma,Coal County,40,029,0.0,≤4.6
Primary and secondary syphilis,2023,Female,15–44,Oklahoma,Comanche County,40,031,81.6,>4.6
Primary and secondary syphilis,2023,Female,15–44,Oklahoma,Cotton County,40,033,325.0,>4.6
Primary and secondary syphilis,2023,Female,15–44,Oklahoma,Craig County,40,035,41.2,>4.6
Primary and secondary syphilis,2023,Female,15–44,Oklahoma,Creek County,40,037,37.6,>4.6
Primary and secondary syphilis,2023,Female,15–44,Oklahoma,Custer County,40,039,31.7,>4.6
Primary and secondary syphilis,2023,Female,15–44,Oklahoma,Delaware County,40,041,59.6,>4.6
Primary and secondary syphilis,2023,Female,15–44,Oklahoma,Dewey County,40,043,0.0,≤4.6
Primary and secondary syphilis,2023,Female,15–44,Oklahoma,Ellis County,40,045,0.0,≤4.6
Primary and secondary syphilis,2023,Female,15–44,Oklahoma,Garfield County,40,047,25.1,>4.6
Primary and secondary syphilis,2023,Female,15–44,Oklahoma,Garvin County,40,049,62.2,>4.6
Primary and secondary syphilis,2023,Female,15–44,Oklahoma,Grady County,40,051,45.5,>4.6
Primary and secondary syphilis,2023,Female,15–44,Oklahoma,Grant County,40,053,0.0,≤4.6
Primary and secondary syphilis,2023,Female,15–44,Oklahoma,Greer County,40,055,0.0,≤4.6
Primary and secondary syphilis,2023,Female,15–44,Oklahoma,Harmon County,40,057,0.0,≤4.6
Primary and secondary syphilis,2023,Female,15–44,Oklahoma,Harper County,40,059,0.0,≤4.6
Primary and secondary syphilis,2023,Female,15–44,Oklahoma,Haskell County,40,061,0.0,≤4.6
Primary and secondary syphilis,2023,Female,15–44,Oklahoma,Hughes County,40,063,200.2,>4.6
Primary and secondary syphilis,2023,Female,15–44,Oklahoma,Jackson County,40,065,62.0,>4.6
Primary and secondary syphilis,2023,Female,15–44,Oklahoma,Jefferson County,40,067,0.0,≤4.6
Primary and secondary syphilis,2023,Female,15–44,Oklahoma,Johnston County,40,069,0.0,≤4.6
Primary and secondary syphilis,2023,Female,15–44,Oklahoma,Kay County,40,071,50.2,>4.6
Primary and secondary syphilis,2023,Female,15–44,Oklahoma,Kingfisher County,40,073,0.0,≤4.6
Primary and secondary syphilis,2023,Female,15–44,Oklahoma,Kiowa County,40,075,0.0,≤4.6
Primary and secondary syphilis,2023,Female,15–44,Oklahoma,Latimer County,40,077,59.9,>4.6
Primary and secondary syphilis,2023,Female,15–44,Oklahoma,Le Flore County,40,079,22.5,>4.6
Primary and secondary syphilis,2023,Female,15–44,Oklahoma,Lincoln County,40,081,65.7,>4.6
Primary and secondary syphilis,2023,Female,15–44,Oklahoma,Logan County,40,083,9.8,>4.6
Primary and secondary syphilis,2023,Female,15–44,Oklahoma,Love County,40,085,52.7,>4.6
Primary and secondary syphilis,2023,Female,15–44,Oklahoma,McClain County,40,087,11.0,>4.6
Primary and secondary syphilis,2023,Female,15–44,Oklahoma,McCurtain County,40,089,157.4,>4.6
Primary and secondary syphilis,2023,Female,15–44,Oklahoma,McIntosh County,40,091,65.7,>4.6
Primary and secondary syphilis,2023,Female,15–44,Oklahoma,Major County,40,093,0.0,≤4.6
Primary and secondary syphilis,2023,Female,15–44,Oklahoma,Marshall County,40,095,75.2,>4.6
Primary and secondary syphilis,2023,Female,15–44,Oklahoma,Mayes County,40,097,69.1,>4.6
Primary and secondary syphilis,2023,Female,15–44,Oklahoma,Murray County,40,099,0.0,≤4.6
Primary and secondary syphilis,2023,Female,15–44,Oklahoma,Muskogee County,40,101,53.8,>4.6
Primary and secondary syphilis,2023,Female,15–44,Oklahoma,Noble County,40,103,0.0,≤4.6
Primary and secondary syphilis,2023,Female,15–44,Oklahoma,Nowata County,40,105,0.0,≤4.6
Primary and secondary syphilis,2023,Female,15–44,Oklahoma,Okfuskee County,40,107,57.2,>4.6
Primary and secondary syphilis,2023,Female,15–44,Oklahoma,Oklahoma County,40,109,46.0,>4.6
Primary and secondary syphilis,2023,Female,15–44,Oklahoma,Okmulgee County,40,111,57.9,>4.6
Primary and secondary syphilis,2023,Female,15–44,Oklahoma,Osage County,40,113,25.8,>4.6
Primary and secondary syphilis,2023,Female,15–44,Oklahoma,Ottawa County,40,115,35.1,>4.6
Primary and secondary syphilis,2023,Female,15–44,Oklahoma,Pawnee County,40,117,72.1,>4.6
Primary and secondary syphilis,2023,Female,15–44,Oklahoma,Payne County,40,119,28.5,>4.6
Primary and secondary syphilis,2023,Female,15–44,Oklahoma,Pittsburg County,40,121,53.8,>4.6
Primary and secondary syphilis,2023,Female,15–44,Oklahoma,Pontotoc County,40,123,39.7,>4.6
Primary and secondary syphilis,2023,Female,15–44,Oklahoma,Pottawatomie County,40,125,26.4,>4.6
Primary and secondary syphilis,2023,Female,15–44,Oklahoma,Pushmataha County,40,127,278.4,>4.6
Primary and secondary syphilis,2023,Female,15–44,Oklahoma,Roger Mills County,40,129,171.2,>4.6
Primary and secondary syphilis,2023,Female,15–44,Oklahoma,Rogers County,40,131,10.7,>4.6
Primary and secondary syphilis,2023,Female,15–44,Oklahoma,Seminole County,40,133,136.1,>4.6
Primary and secondary syphilis,2023,Female,15–44,Oklahoma,Sequoyah County,40,135,96.8,>4.6
Primary and secondary syphilis,2023,Female,15–44,Oklahoma,Stephens County,40,137,25.5,>4.6
Primary and secondary syphilis,2023,Female,15–44,Oklahoma,Texas County,40,139,26.4,>4.6
Primary and secondary syphilis,2023,Female,15–44,Oklahoma,Tillman County,40,141,177.9,>4.6
Primary and secondary syphilis,2023,Female,15–44,Oklahoma,Tulsa County,40,143,39.0,>4.6
Primary and secondary syphilis,2023,Female,15–44,Oklahoma,Wagoner County,40,145,23.0,>4.6
Primary and secondary syphilis,2023,Female,15–44,Oklahoma,Washington County,40,147,40.8,>4.6
Primary and secondary syphilis,2023,Female,15–44,Oklahoma,Washita County,40,149,0.0,≤4.6
Primary and secondary syphilis,2023,Female,15–44,Oklahoma,Woods County,40,151,60.9,>4.6
Primary and secondary syphilis,2023,Female,15–44,Oklahoma,Woodward County,40,153,0.0,≤4.6
Primary and secondary syphilis,2023,Female,15–44,Oregon,Baker County,41,001,79.4,>4.6
Primary and secondary syphilis,2023,Female,15–44,Oregon,Benton County,41,003,4.3,≤4.6
Primary and secondary syphilis,2023,Female,15–44,Oregon,Clackamas County,41,005,28.4,>4.6
Primary and secondary syphilis,2023,Female,15–44,Oregon,Clatsop County,41,007,0.0,≤4.6
Primary and secondary syphilis,2023,Female,15–44,Oregon,Columbia County,41,009,31.9,>4.6
Primary and secondary syphilis,2023,Female,15–44,Oregon,Coos County,41,011,172.7,>4.6
Primary and secondary syphilis,2023,Female,15–44,Oregon,Crook County,41,013,23.2,>4.6
Primary and secondary syphilis,2023,Female,15–44,Oregon,Curry County,41,015,0.0,≤4.6
Primary and secondary syphilis,2023,Female,15–44,Oregon,Deschutes County,41,017,31.1,>4.6
Primary and secondary syphilis,2023,Female,15–44,Oregon,Douglas County,41,019,16.5,>4.6
Primary and secondary syphilis,2023,Female,15–44,Oregon,Gilliam County,41,021,0.0,≤4.6
Primary and secondary syphilis,2023,Female,15–44,Oregon,Grant County,41,023,0.0,≤4.6
Primary and secondary syphilis,2023,Female,15–44,Oregon,Harney County,41,025,0.0,≤4.6
Primary and secondary syphilis,2023,Female,15–44,Oregon,Hood River County,41,027,22.7,>4.6
Primary and secondary syphilis,2023,Female,15–44,Oregon,Jackson County,41,029,22.7,>4.6
Primary and secondary syphilis,2023,Female,15–44,Oregon,Jefferson County,41,031,0.0,≤4.6
Primary and secondary syphilis,2023,Female,15–44,Oregon,Josephine County,41,033,29.0,>4.6
Primary and secondary syphilis,2023,Female,15–44,Oregon,Klamath County,41,035,32.7,>4.6
Primary and secondary syphilis,2023,Female,15–44,Oregon,Lake County,41,037,84.8,>4.6
Primary and secondary syphilis,2023,Female,15–44,Oregon,Lane County,41,039,38.4,>4.6
Primary and secondary syphilis,2023,Female,15–44,Oregon,Lincoln County,41,041,27.6,>4.6
Primary and secondary syphilis,2023,Female,15–44,Oregon,Linn County,41,043,20.2,>4.6
Primary and secondary syphilis,2023,Female,15–44,Oregon,Malheur County,41,045,0.0,≤4.6
Primary and secondary syphilis,2023,Female,15–44,Oregon,Marion County,41,047,39.2,>4.6
Primary and secondary syphilis,2023,Female,15–44,Oregon,Morrow County,41,049,43.7,>4.6
Primary and secondary syphilis,2023,Female,15–44,Oregon,Multnomah County,41,051,27.5,>4.6
Primary and secondary syphilis,2023,Female,15–44,Oregon,Polk County,41,053,43.1,>4.6
Primary and secondary syphilis,2023,Female,15–44,Oregon,Sherman County,41,055,0.0,≤4.6
Primary and secondary syphilis,2023,Female,15–44,Oregon,Tillamook County,41,057,0.0,≤4.6
Primary and secondary syphilis,2023,Female,15–44,Oregon,Umatilla County,41,059,6.9,>4.6
Primary and secondary syphilis,2023,Female,15–44,Oregon,Union County,41,061,20.3,>4.6
Primary and secondary syphilis,2023,Female,15–44,Oregon,Wallowa County,41,063,0.0,≤4.6
Primary and secondary syphilis,2023,Female,15–44,Oregon,Wasco County,41,065,21.1,>4.6
Primary and secondary syphilis,2023,Female,15–44,Oregon,Washington County,41,067,3.2,≤4.6
Primary and secondary syphilis,2023,Female,15–44,Oregon,Wheeler County,41,069,0.0,≤4.6
Primary and secondary syphilis,2023,Female,15–44,Oregon,Yamhill County,41,071,9.5,>4.6
Primary and secondary syphilis,2023,Female,15–44,Pennsylvania,Adams County,42,001,0.0,≤4.6
Primary and secondary syphilis,2023,Female,15–44,Pennsylvania,Allegheny County,42,003,8.2,>4.6
Primary and secondary syphilis,2023,Female,15–44,Pennsylvania,Armstrong County,42,005,0.0,≤4.6
Primary and secondary syphilis,2023,Female,15–44,Pennsylvania,Beaver County,42,007,7.1,>4.6
Primary and secondary syphilis,2023,Female,15–44,Pennsylvania,Bedford County,42,009,0.0,≤4.6
Primary and secondary syphilis,2023,Female,15–44,Pennsylvania,Berks County,42,011,8.5,>4.6
Primary and secondary syphilis,2023,Female,15–44,Pennsylvania,Blair County,42,013,0.0,≤4.6
Primary and secondary syphilis,2023,Female,15–44,Pennsylvania,Bradford County,42,015,0.0,≤4.6
Primary and secondary syphilis,2023,Female,15–44,Pennsylvania,Bucks County,42,017,8.1,>4.6
Primary and secondary syphilis,2023,Female,15–44,Pennsylvania,Butler County,42,019,0.0,≤4.6
Primary and secondary syphilis,2023,Female,15–44,Pennsylvania,Cambria County,42,021,0.0,≤4.6
Primary and secondary syphilis,2023,Female,15–44,Pennsylvania,Cameron County,42,023,0.0,≤4.6
Primary and secondary syphilis,2023,Female,15–44,Pennsylvania,Carbon County,42,025,0.0,≤4.6
Primary and secondary syphilis,2023,Female,15–44,Pennsylvania,Centre County,42,027,2.8,≤4.6
Primary and secondary syphilis,2023,Female,15–44,Pennsylvania,Chester County,42,029,5.8,>4.6
Primary and secondary syphilis,2023,Female,15–44,Pennsylvania,Clarion County,42,031,13.8,>4.6
Primary and secondary syphilis,2023,Female,15–44,Pennsylvania,Clearfield County,42,033,0.0,≤4.6
Primary and secondary syphilis,2023,Female,15–44,Pennsylvania,Clinton County,42,035,0.0,≤4.6
Primary and secondary syphilis,2023,Female,15–44,Pennsylvania,Columbia County,42,037,0.0,≤4.6
Primary and secondary syphilis,2023,Female,15–44,Pennsylvania,Crawford County,42,039,0.0,≤4.6
Primary and secondary syphilis,2023,Female,15–44,Pennsylvania,Cumberland County,42,041,11.4,>4.6
Primary and secondary syphilis,2023,Female,15–44,Pennsylvania,Dauphin County,42,043,8.9,>4.6
Primary and secondary syphilis,2023,Female,15–44,Pennsylvania,Delaware County,42,045,11.3,>4.6
Primary and secondary syphilis,2023,Female,15–44,Pennsylvania,Elk County,42,047,0.0,≤4.6
Primary and secondary syphilis,2023,Female,15–44,Pennsylvania,Erie County,42,049,15.8,>4.6
Primary and secondary syphilis,2023,Female,15–44,Pennsylvania,Fayette County,42,051,0.0,≤4.6
Primary and secondary syphilis,2023,Female,15–44,Pennsylvania,Forest County,42,053,0.0,≤4.6
Primary and secondary syphilis,2023,Female,15–44,Pennsylvania,Franklin County,42,055,3.6,≤4.6
Primary and secondary syphilis,2023,Female,15–44,Pennsylvania,Fulton County,42,057,0.0,≤4.6
Primary and secondary syphilis,2023,Female,15–44,Pennsylvania,Greene County,42,059,0.0,≤4.6
Primary and secondary syphilis,2023,Female,15–44,Pennsylvania,Huntingdon County,42,061,0.0,≤4.6
Primary and secondary syphilis,2023,Female,15–44,Pennsylvania,Indiana County,42,063,0.0,≤4.6
Primary and secondary syphilis,2023,Female,15–44,Pennsylvania,Jefferson County,42,065,0.0,≤4.6
Primary and secondary syphilis,2023,Female,15–44,Pennsylvania,Juniata County,42,067,0.0,≤4.6
Primary and secondary syphilis,2023,Female,15–44,Pennsylvania,Lackawanna County,42,069,0.0,≤4.6
Primary and secondary syphilis,2023,Female,15–44,Pennsylvania,Lancaster County,42,071,3.8,≤4.6
Primary and secondary syphilis,2023,Female,15–44,Pennsylvania,Lawrence County,42,073,0.0,≤4.6
Primary and secondary syphilis,2023,Female,15–44,Pennsylvania,Lebanon County,42,075,7.7,>4.6
Primary and secondary syphilis,2023,Female,15–44,Pennsylvania,Lehigh County,42,077,2.7,≤4.6
Primary and secondary syphilis,2023,Female,15–44,Pennsylvania,Luzerne County,42,079,18.9,>4.6
Primary and secondary syphilis,2023,Female,15–44,Pennsylvania,Lycoming County,42,081,4.8,>4.6
Primary and secondary syphilis,2023,Female,15–44,Pennsylvania,McKean County,42,083,0.0,≤4.6
Primary and secondary syphilis,2023,Female,15–44,Pennsylvania,Mercer County,42,085,5.5,>4.6
Primary and secondary syphilis,2023,Female,15–44,Pennsylvania,Mifflin County,42,087,13.2,>4.6
Primary and secondary syphilis,2023,Female,15–44,Pennsylvania,Monroe County,42,089,13.8,>4.6
Primary and secondary syphilis,2023,Female,15–44,Pennsylvania,Montgomery County,42,091,4.9,>4.6
Primary and secondary syphilis,2023,Female,15–44,Pennsylvania,Montour County,42,093,0.0,≤4.6
Primary and secondary syphilis,2023,Female,15–44,Pennsylvania,Northampton County,42,095,1.7,≤4.6
Primary and secondary syphilis,2023,Female,15–44,Pennsylvania,Northumberland County,42,097,13.6,>4.6
Primary and secondary syphilis,2023,Female,15–44,Pennsylvania,Perry County,42,099,0.0,≤4.6
Primary and secondary syphilis,2023,Female,15–44,Pennsylvania,Philadelphia County,42,101,27.1,>4.6
Primary and secondary syphilis,2023,Female,15–44,Pennsylvania,Pike County,42,103,0.0,≤4.6
Primary and secondary syphilis,2023,Female,15–44,Pennsylvania,Potter County,42,105,0.0,≤4.6
Primary and secondary syphilis,2023,Female,15–44,Pennsylvania,Schuylkill County,42,107,0.0,≤4.6
Primary and secondary syphilis,2023,Female,15–44,Pennsylvania,Snyder County,42,109,0.0,≤4.6
Primary and secondary syphilis,2023,Female,15–44,Pennsylvania,Somerset County,42,111,9.5,>4.6
Primary and secondary syphilis,2023,Female,15–44,Pennsylvania,Sullivan County,42,113,0.0,≤4.6
Primary and secondary syphilis,2023,Female,15–44,Pennsylvania,Susquehanna County,42,115,17.6,>4.6
Primary and secondary syphilis,2023,Female,15–44,Pennsylvania,Tioga County,42,117,14.6,>4.6
Primary and secondary syphilis,2023,Female,15–44,Pennsylvania,Union County,42,119,13.0,>4.6
Primary and secondary syphilis,2023,Female,15–44,Pennsylvania,Venango County,42,121,0.0,≤4.6
Primary and secondary syphilis,2023,Female,15–44,Pennsylvania,Warren County,42,123,0.0,≤4.6
Primary and secondary syphilis,2023,Female,15–44,Pennsylvania,Washington County,42,125,0.0,≤4.6
Primary and secondary syphilis,2023,Female,15–44,Pennsylvania,Wayne County,42,127,0.0,≤4.6
Primary and secondary syphilis,2023,Female,15–44,Pennsylvania,Westmoreland County,42,129,0.0,≤4.6
Primary and secondary syphilis,2023,Female,15–44,Pennsylvania,Wyoming County,42,131,0.0,≤4.6
Primary and secondary syphilis,2023,Female,15–44,Pennsylvania,York County,42,133,9.5,>4.6
Primary and secondary syphilis,2023,Female,15–44,Rhode Island,Bristol County,44,001,0.0,≤4.6
Primary and secondary syphilis,2023,Female,15–44,Rhode Island,Kent County,44,003,3.2,≤4.6
Primary and secondary syphilis,2023,Female,15–44,Rhode Island,Newport County,44,005,0.0,≤4.6
Primary and secondary syphilis,2023,Female,15–44,Rhode Island,Providence County,44,007,9.4,>4.6
Primary and secondary syphilis,2023,Female,15–44,Rhode Island,Washington County,44,009,0.0,≤4.6
Primary and secondary syphilis,2023,Female,15–44,South Carolina,Abbeville County,45,001,45.9,>4.6
Primary and secondary syphilis,2023,Female,15–44,South Carolina,Aiken County,45,003,21.5,>4.6
Primary and secondary syphilis,2023,Female,15–44,South Carolina,Allendale County,45,005,0.0,≤4.6
Primary and secondary syphilis,2023,Female,15–44,South Carolina,Anderson County,45,007,58.9,>4.6
Primary and secondary syphilis,2023,Female,15–44,South Carolina,Bamberg County,45,009,0.0,≤4.6
Primary and secondary syphilis,2023,Female,15–44,South Carolina,Barnwell County,45,011,27.7,>4.6
Primary and secondary syphilis,2023,Female,15–44,South Carolina,Beaufort County,45,013,3.3,≤4.6
Primary and secondary syphilis,2023,Female,15–44,South Carolina,Berkeley County,45,015,19.2,>4.6
Primary and secondary syphilis,2023,Female,15–44,South Carolina,Calhoun County,45,017,0.0,≤4.6
Primary and secondary syphilis,2023,Female,15–44,South Carolina,Charleston County,45,019,20.3,>4.6
Primary and secondary syphilis,2023,Female,15–44,South Carolina,Cherokee County,45,021,55.7,>4.6
Primary and secondary syphilis,2023,Female,15–44,South Carolina,Chester County,45,023,0.0,≤4.6
Primary and secondary syphilis,2023,Female,15–44,South Carolina,Chesterfield County,45,025,12.8,>4.6
Primary and secondary syphilis,2023,Female,15–44,South Carolina,Clarendon County,45,027,40.3,>4.6
Primary and secondary syphilis,2023,Female,15–44,South Carolina,Colleton County,45,029,43.7,>4.6
Primary and secondary syphilis,2023,Female,15–44,South Carolina,Darlington County,45,031,33.9,>4.6
Primary and secondary syphilis,2023,Female,15–44,South Carolina,Dillon County,45,033,168.4,>4.6
Primary and secondary syphilis,2023,Female,15–44,South Carolina,Dorchester County,45,035,8.7,>4.6
Primary and secondary syphilis,2023,Female,15–44,South Carolina,Edgefield County,45,037,68.4,>4.6
Primary and secondary syphilis,2023,Female,15–44,South Carolina,Fairfield County,45,039,0.0,≤4.6
Primary and secondary syphilis,2023,Female,15–44,South Carolina,Florence County,45,041,47.4,>4.6
Primary and secondary syphilis,2023,Female,15–44,South Carolina,Georgetown County,45,043,21.2,>4.6
Primary and secondary syphilis,2023,Female,15–44,South Carolina,Greenville County,45,045,15.1,>4.6
Primary and secondary syphilis,2023,Female,15–44,South Carolina,Greenwood County,45,047,57.5,>4.6
Primary and secondary syphilis,2023,Female,15–44,South Carolina,Hampton County,45,049,0.0,≤4.6
Primary and secondary syphilis,2023,Female,15–44,South Carolina,Horry County,45,051,15.6,>4.6
Primary and secondary syphilis,2023,Female,15–44,South Carolina,Jasper County,45,053,0.0,≤4.6
Primary and secondary syphilis,2023,Female,15–44,South Carolina,Kershaw County,45,055,7.7,>4.6
Primary and secondary syphilis,2023,Female,15–44,South Carolina,Lancaster County,45,057,5.3,>4.6
Primary and secondary syphilis,2023,Female,15–44,South Carolina,Laurens County,45,059,78.3,>4.6
Primary and secondary syphilis,2023,Female,15–44,South Carolina,Lee County,45,061,0.0,≤4.6
Primary and secondary syphilis,2023,Female,15–44,South Carolina,Lexington County,45,063,11.7,>4.6
Primary and secondary syphilis,2023,Female,15–44,South Carolina,McCormick County,45,065,0.0,≤4.6
Primary and secondary syphilis,2023,Female,15–44,South Carolina,Marion County,45,067,19.6,>4.6
Primary and secondary syphilis,2023,Female,15–44,South Carolina,Marlboro County,45,069,0.0,≤4.6
Primary and secondary syphilis,2023,Female,15–44,South Carolina,Newberry County,45,071,14.7,>4.6
Primary and secondary syphilis,2023,Female,15–44,South Carolina,Oconee County,45,073,38.4,>4.6
Primary and secondary syphilis,2023,Female,15–44,South Carolina,Orangeburg County,45,075,12.5,>4.6
Primary and secondary syphilis,2023,Female,15–44,South Carolina,Pickens County,45,077,31.2,>4.6
Primary and secondary syphilis,2023,Female,15–44,South Carolina,Richland County,45,079,14.1,>4.6
Primary and secondary syphilis,2023,Female,15–44,South Carolina,Saluda County,45,081,32.8,>4.6
Primary and secondary syphilis,2023,Female,15–44,South Carolina,Spartanburg County,45,083,27.7,>4.6
Primary and secondary syphilis,2023,Female,15–44,South Carolina,Sumter County,45,085,39.2,>4.6
Primary and secondary syphilis,2023,Female,15–44,South Carolina,Union County,45,087,43.0,>4.6
Primary and secondary syphilis,2023,Female,15–44,South Carolina,Williamsburg County,45,089,20.3,>4.6
Primary and secondary syphilis,2023,Female,15–44,South Carolina,York County,45,091,23.6,>4.6
Primary and secondary syphilis,2023,Female,15–44,South Dakota,Aurora County,46,003,0.0,≤4.6
Primary and secondary syphilis,2023,Female,15–44,South Dakota,Beadle County,46,005,0.0,≤4.6
Primary and secondary syphilis,2023,Female,15–44,South Dakota,Bennett County,46,007,"1,702.8",>4.6
Primary and secondary syphilis,2023,Female,15–44,South Dakota,Bon Homme County,46,009,0.0,≤4.6
Primary and secondary syphilis,2023,Female,15–44,South Dakota,Brookings County,46,011,11.4,>4.6
Primary and secondary syphilis,2023,Female,15–44,South Dakota,Brown County,46,013,0.0,≤4.6
Primary and secondary syphilis,2023,Female,15–44,South Dakota,Brule County,46,015,115.3,>4.6
Primary and secondary syphilis,2023,Female,15–44,South Dakota,Buffalo County,46,017,"2,451.0",>4.6
Primary and secondary syphilis,2023,Female,15–44,South Dakota,Butte County,46,019,0.0,≤4.6
Primary and secondary syphilis,2023,Female,15–44,South Dakota,Campbell County,46,021,0.0,≤4.6
Primary and secondary syphilis,2023,Female,15–44,South Dakota,Charles Mix County,46,023,523.9,>4.6
Primary and secondary syphilis,2023,Female,15–44,South Dakota,Clark County,46,025,0.0,≤4.6
Primary and secondary syphilis,2023,Female,15–44,South Dakota,Clay County,46,027,44.6,>4.6
Primary and secondary syphilis,2023,Female,15–44,South Dakota,Codington County,46,029,19.4,>4.6
Primary and secondary syphilis,2023,Female,15–44,South Dakota,Corson County,46,031,"1,390.8",>4.6
Primary and secondary syphilis,2023,Female,15–44,South Dakota,Custer County,46,033,182.8,>4.6
Primary and secondary syphilis,2023,Female,15–44,South Dakota,Davison County,46,035,115.3,>4.6
Primary and secondary syphilis,2023,Female,15–44,South Dakota,Day County,46,037,0.0,≤4.6
Primary and secondary syphilis,2023,Female,15–44,South Dakota,Deuel County,46,039,0.0,≤4.6
Primary and secondary syphilis,2023,Female,15–44,South Dakota,Dewey County,46,041,"1,807.2",>4.6
Primary and secondary syphilis,2023,Female,15–44,South Dakota,Douglas County,46,043,0.0,≤4.6
Primary and secondary syphilis,2023,Female,15–44,South Dakota,Edmunds County,46,045,0.0,≤4.6
Primary and secondary syphilis,2023,Female,15–44,South Dakota,Fall River County,46,047,0.0,≤4.6
Primary and secondary syphilis,2023,Female,15–44,South Dakota,Faulk County,46,049,0.0,≤4.6
Primary and secondary syphilis,2023,Female,15–44,South Dakota,Grant County,46,051,0.0,≤4.6
Primary and secondary syphilis,2023,Female,15–44,South Dakota,Gregory County,46,053,0.0,≤4.6
Primary and secondary syphilis,2023,Female,15–44,South Dakota,Haakon County,46,055,315.5,>4.6
Primary and secondary syphilis,2023,Female,15–44,South Dakota,Hamlin County,46,057,0.0,≤4.6
Primary and secondary syphilis,2023,Female,15–44,South Dakota,Hand County,46,059,0.0,≤4.6
Primary and secondary syphilis,2023,Female,15–44,South Dakota,Hanson County,46,061,0.0,≤4.6
Primary and secondary syphilis,2023,Female,15–44,South Dakota,Harding County,46,063,0.0,≤4.6
Primary and secondary syphilis,2023,Female,15–44,South Dakota,Hughes County,46,065,152.1,>4.6
Primary and secondary syphilis,2023,Female,15–44,South Dakota,Hutchinson County,46,067,0.0,≤4.6
Primary and secondary syphilis,2023,Female,15–44,South Dakota,Hyde County,46,069,0.0,≤4.6
Primary and secondary syphilis,2023,Female,15–44,South Dakota,Jackson County,46,071,588.2,>4.6
Primary and secondary syphilis,2023,Female,15–44,South Dakota,Jerauld County,46,073,0.0,≤4.6
Primary and secondary syphilis,2023,Female,15–44,South Dakota,Jones County,46,075,0.0,≤4.6
Primary and secondary syphilis,2023,Female,15–44,South Dakota,Kingsbury County,46,077,0.0,≤4.6
Primary and secondary syphilis,2023,Female,15–44,South Dakota,Lake County,46,079,0.0,≤4.6
Primary and secondary syphilis,2023,Female,15–44,South Dakota,Lawrence County,46,081,39.7,>4.6
Primary and secondary syphilis,2023,Female,15–44,South Dakota,Lincoln County,46,083,6.6,>4.6
Primary and secondary syphilis,2023,Female,15–44,South Dakota,Lyman County,46,085,675.7,>4.6
Primary and secondary syphilis,2023,Female,15–44,South Dakota,McCook County,46,087,108.6,>4.6
Primary and secondary syphilis,2023,Female,15–44,South Dakota,McPherson County,46,089,0.0,≤4.6
Primary and secondary syphilis,2023,Female,15–44,South Dakota,Marshall County,46,091,0.0,≤4.6
Primary and secondary syphilis,2023,Female,15–44,South Dakota,Meade County,46,093,33.4,>4.6
Primary and secondary syphilis,2023,Female,15–44,South Dakota,Mellette County,46,095,306.7,>4.6
Primary and secondary syphilis,2023,Female,15–44,South Dakota,Miner County,46,097,0.0,≤4.6
Primary and secondary syphilis,2023,Female,15–44,South Dakota,Minnehaha County,46,099,105.9,>4.6
Primary and secondary syphilis,2023,Female,15–44,South Dakota,Moody County,46,101,97.1,>4.6
Primary and secondary syphilis,2023,Female,15–44,South Dakota,Oglala Lakota County,46,102,"2,500.0",>4.6
Primary and secondary syphilis,2023,Female,15–44,South Dakota,Pennington County,46,103,332.4,>4.6
Primary and secondary syphilis,2023,Female,15–44,South Dakota,Perkins County,46,105,0.0,≤4.6
Primary and secondary syphilis,2023,Female,15–44,South Dakota,Potter County,46,107,0.0,≤4.6
Primary and secondary syphilis,2023,Female,15–44,South Dakota,Roberts County,46,109,188.8,>4.6
Primary and secondary syphilis,2023,Female,15–44,South Dakota,Sanborn County,46,111,0.0,≤4.6
Primary and secondary syphilis,2023,Female,15–44,South Dakota,Spink County,46,115,0.0,≤4.6
Primary and secondary syphilis,2023,Female,15–44,South Dakota,Stanley County,46,117,0.0,≤4.6
Primary and secondary syphilis,2023,Female,15–44,South Dakota,Sully County,46,119,0.0,≤4.6
Primary and secondary syphilis,2023,Female,15–44,South Dakota,Todd County,46,121,653.3,>4.6
Primary and secondary syphilis,2023,Female,15–44,South Dakota,Tripp County,46,123,0.0,≤4.6
Primary and secondary syphilis,2023,Female,15–44,South Dakota,Turner County,46,125,0.0,≤4.6
Primary and secondary syphilis,2023,Female,15–44,South Dakota,Union County,46,127,33.5,>4.6
Primary and secondary syphilis,2023,Female,15–44,South Dakota,Walworth County,46,129,360.1,>4.6
Primary and secondary syphilis,2023,Female,15–44,South Dakota,Yankton County,46,135,0.0,≤4.6
Primary and secondary syphilis,2023,Female,15–44,South Dakota,Ziebach County,46,137,"1,577.9",>4.6
Primary and secondary syphilis,2023,Female,15–44,Tennessee,Anderson County,47,001,20.7,>4.6
Primary and secondary syphilis,2023,Female,15–44,Tennessee,Bedford County,47,003,9.7,>4.6
Primary and secondary syphilis,2023,Female,15–44,Tennessee,Benton County,47,005,0.0,≤4.6
Primary and secondary syphilis,2023,Female,15–44,Tennessee,Bledsoe County,47,007,49.3,>4.6
Primary and secondary syphilis,2023,Female,15–44,Tennessee,Blount County,47,009,0.0,≤4.6
Primary and secondary syphilis,2023,Female,15–44,Tennessee,Bradley County,47,011,13.9,>4.6
Primary and secondary syphilis,2023,Female,15–44,Tennessee,Campbell County,47,013,29.0,>4.6
Primary and secondary syphilis,2023,Female,15–44,Tennessee,Cannon County,47,015,0.0,≤4.6
Primary and secondary syphilis,2023,Female,15–44,Tennessee,Carroll County,47,017,19.5,>4.6
Primary and secondary syphilis,2023,Female,15–44,Tennessee,Carter County,47,019,10.1,>4.6
Primary and secondary syphilis,2023,Female,15–44,Tennessee,Cheatham County,47,021,0.0,≤4.6
Primary and secondary syphilis,2023,Female,15–44,Tennessee,Chester County,47,023,0.0,≤4.6
Primary and secondary syphilis,2023,Female,15–44,Tennessee,Claiborne County,47,025,33.3,>4.6
Primary and secondary syphilis,2023,Female,15–44,Tennessee,Clay County,47,027,0.0,≤4.6
Primary and secondary syphilis,2023,Female,15–44,Tennessee,Cocke County,47,029,96.3,>4.6
Primary and secondary syphilis,2023,Female,15–44,Tennessee,Coffee County,47,031,0.0,≤4.6
Primary and secondary syphilis,2023,Female,15–44,Tennessee,Crockett County,47,033,38.0,>4.6
Primary and secondary syphilis,2023,Female,15–44,Tennessee,Cumberland County,47,035,22.5,>4.6
Primary and secondary syphilis,2023,Female,15–44,Tennessee,Davidson County,47,037,10.9,>4.6
Primary and secondary syphilis,2023,Female,15–44,Tennessee,Decatur County,47,039,0.0,≤4.6
Primary and secondary syphilis,2023,Female,15–44,Tennessee,DeKalb County,47,041,82.3,>4.6
Primary and secondary syphilis,2023,Female,15–44,Tennessee,Dickson County,47,043,0.0,≤4.6
Primary and secondary syphilis,2023,Female,15–44,Tennessee,Dyer County,47,045,14.4,>4.6
Primary and secondary syphilis,2023,Female,15–44,Tennessee,Fayette County,47,047,0.0,≤4.6
Primary and secondary syphilis,2023,Female,15–44,Tennessee,Fentress County,47,049,0.0,≤4.6
Primary and secondary syphilis,2023,Female,15–44,Tennessee,Franklin County,47,051,0.0,≤4.6
Primary and secondary syphilis,2023,Female,15–44,Tennessee,Gibson County,47,053,10.3,>4.6
Primary and secondary syphilis,2023,Female,15–44,Tennessee,Giles County,47,055,36.3,>4.6
Primary and secondary syphilis,2023,Female,15–44,Tennessee,Grainger County,47,057,0.0,≤4.6
Primary and secondary syphilis,2023,Female,15–44,Tennessee,Greene County,47,059,16.2,>4.6
Primary and secondary syphilis,2023,Female,15–44,Tennessee,Grundy County,47,061,0.0,≤4.6
Primary and secondary syphilis,2023,Female,15–44,Tennessee,Hamblen County,47,063,0.0,≤4.6
Primary and secondary syphilis,2023,Female,15–44,Tennessee,Hamilton County,47,065,50.2,>4.6
Primary and secondary syphilis,2023,Female,15–44,Tennessee,Hancock County,47,067,0.0,≤4.6
Primary and secondary syphilis,2023,Female,15–44,Tennessee,Hardeman County,47,069,25.7,>4.6
Primary and secondary syphilis,2023,Female,15–44,Tennessee,Hardin County,47,071,22.7,>4.6
Primary and secondary syphilis,2023,Female,15–44,Tennessee,Hawkins County,47,073,0.0,≤4.6
Primary and secondary syphilis,2023,Female,15–44,Tennessee,Haywood County,47,075,0.0,≤4.6
Primary and secondary syphilis,2023,Female,15–44,Tennessee,Henderson County,47,077,19.8,>4.6
Primary and secondary syphilis,2023,Female,15–44,Tennessee,Henry County,47,079,0.0,≤4.6
Primary and secondary syphilis,2023,Female,15–44,Tennessee,Hickman County,47,081,22.8,>4.6
Primary and secondary syphilis,2023,Female,15–44,Tennessee,Houston County,47,083,0.0,≤4.6
Primary and secondary syphilis,2023,Female,15–44,Tennessee,Humphreys County,47,085,0.0,≤4.6
Primary and secondary syphilis,2023,Female,15–44,Tennessee,Jackson County,47,087,104.9,>4.6
Primary and secondary syphilis,2023,Female,15–44,Tennessee,Jefferson County,47,089,0.0,≤4.6
Primary and secondary syphilis,2023,Female,15–44,Tennessee,Johnson County,47,091,0.0,≤4.6
Primary and secondary syphilis,2023,Female,15–44,Tennessee,Knox County,47,093,18.7,>4.6
Primary and secondary syphilis,2023,Female,15–44,Tennessee,Lake County,47,095,0.0,≤4.6
Primary and secondary syphilis,2023,Female,15–44,Tennessee,Lauderdale County,47,097,47.0,>4.6
Primary and secondary syphilis,2023,Female,15–44,Tennessee,Lawrence County,47,099,0.0,≤4.6
Primary and secondary syphilis,2023,Female,15–44,Tennessee,Lewis County,47,101,0.0,≤4.6
Primary and secondary syphilis,2023,Female,15–44,Tennessee,Lincoln County,47,103,16.0,>4.6
Primary and secondary syphilis,2023,Female,15–44,Tennessee,Loudon County,47,105,22.7,>4.6
Primary and secondary syphilis,2023,Female,15–44,Tennessee,McMinn County,47,107,0.0,≤4.6
Primary and secondary syphilis,2023,Female,15–44,Tennessee,McNairy County,47,109,66.9,>4.6
Primary and secondary syphilis,2023,Female,15–44,Tennessee,Macon County,47,111,0.0,≤4.6
Primary and secondary syphilis,2023,Female,15–44,Tennessee,Madison County,47,113,15.2,>4.6
Primary and secondary syphilis,2023,Female,15–44,Tennessee,Marion County,47,115,0.0,≤4.6
Primary and secondary syphilis,2023,Female,15–44,Tennessee,Marshall County,47,117,0.0,≤4.6
Primary and secondary syphilis,2023,Female,15–44,Tennessee,Maury County,47,119,18.6,>4.6
Primary and secondary syphilis,2023,Female,15–44,Tennessee,Meigs County,47,121,0.0,≤4.6
Primary and secondary syphilis,2023,Female,15–44,Tennessee,Monroe County,47,123,38.1,>4.6
Primary and secondary syphilis,2023,Female,15–44,Tennessee,Montgomery County,47,125,12.6,>4.6
Primary and secondary syphilis,2023,Female,15–44,Tennessee,Moore County,47,127,88.0,>4.6
Primary and secondary syphilis,2023,Female,15–44,Tennessee,Morgan County,47,129,0.0,≤4.6
Primary and secondary syphilis,2023,Female,15–44,Tennessee,Obion County,47,131,0.0,≤4.6
Primary and secondary syphilis,2023,Female,15–44,Tennessee,Overton County,47,133,101.9,>4.6
Primary and secondary syphilis,2023,Female,15–44,Tennessee,Perry County,47,135,0.0,≤4.6
Primary and secondary syphilis,2023,Female,15–44,Tennessee,Pickett County,47,137,0.0,≤4.6
Primary and secondary syphilis,2023,Female,15–44,Tennessee,Polk County,47,139,0.0,≤4.6
Primary and secondary syphilis,2023,Female,15–44,Tennessee,Putnam County,47,141,23.0,>4.6
Primary and secondary syphilis,2023,Female,15–44,Tennessee,Rhea County,47,143,117.1,>4.6
Primary and secondary syphilis,2023,Female,15–44,Tennessee,Roane County,47,145,0.0,≤4.6
Primary and secondary syphilis,2023,Female,15–44,Tennessee,Robertson County,47,147,6.8,>4.6
Primary and secondary syphilis,2023,Female,15–44,Tennessee,Rutherford County,47,149,7.2,>4.6
Primary and secondary syphilis,2023,Female,15–44,Tennessee,Scott County,47,151,24.4,>4.6
Primary and secondary syphilis,2023,Female,15–44,Tennessee,Sequatchie County,47,153,35.4,>4.6
Primary and secondary syphilis,2023,Female,15–44,Tennessee,Sevier County,47,155,11.7,>4.6
Primary and secondary syphilis,2023,Female,15–44,Tennessee,Shelby County,47,157,53.2,>4.6
Primary and secondary syphilis,2023,Female,15–44,Tennessee,Smith County,47,159,0.0,≤4.6
Primary and secondary syphilis,2023,Female,15–44,Tennessee,Stewart County,47,161,0.0,≤4.6
Primary and secondary syphilis,2023,Female,15–44,Tennessee,Sullivan County,47,163,17.8,>4.6
Primary and secondary syphilis,2023,Female,15–44,Tennessee,Sumner County,47,165,0.0,≤4.6
Primary and secondary syphilis,2023,Female,15–44,Tennessee,Tipton County,47,167,0.0,≤4.6
Primary and secondary syphilis,2023,Female,15–44,Tennessee,Trousdale County,47,169,0.0,≤4.6
Primary and secondary syphilis,2023,Female,15–44,Tennessee,Unicoi County,47,171,0.0,≤4.6
Primary and secondary syphilis,2023,Female,15–44,Tennessee,Union County,47,173,0.0,≤4.6
Primary and secondary syphilis,2023,Female,15–44,Tennessee,Van Buren County,47,175,101.9,>4.6
Primary and secondary syphilis,2023,Female,15–44,Tennessee,Warren County,47,177,12.9,>4.6
Primary and secondary syphilis,2023,Female,15–44,Tennessee,Washington County,47,179,3.5,≤4.6
Primary and secondary syphilis,2023,Female,15–44,Tennessee,Wayne County,47,181,0.0,≤4.6
Primary and secondary syphilis,2023,Female,15–44,Tennessee,Weakley County,47,183,0.0,≤4.6
Primary and secondary syphilis,2023,Female,15–44,Tennessee,White County,47,185,61.2,>4.6
Primary and secondary syphilis,2023,Female,15–44,Tennessee,Williamson County,47,187,2.0,≤4.6
Primary and secondary syphilis,2023,Female,15–44,Tennessee,Wilson County,47,189,6.3,>4.6
Primary and secondary syphilis,2023,Female,15–44,Texas,Anderson County,48,001,12.5,>4.6
Primary and secondary syphilis,2023,Female,15–44,Texas,Andrews County,48,003,0.0,≤4.6
Primary and secondary syphilis,2023,Female,15–44,Texas,Angelina County,48,005,11.7,>4.6
Primary and secondary syphilis,2023,Female,15–44,Texas,Aransas County,48,007,0.0,≤4.6
Primary and secondary syphilis,2023,Female,15–44,Texas,Archer County,48,009,0.0,≤4.6
Primary and secondary syphilis,2023,Female,15–44,Texas,Armstrong County,48,011,0.0,≤4.6
Primary and secondary syphilis,2023,Female,15–44,Texas,Atascosa County,48,013,29.6,>4.6
Primary and secondary syphilis,2023,Female,15–44,Texas,Austin County,48,015,0.0,≤4.6
Primary and secondary syphilis,2023,Female,15–44,Texas,Bailey County,48,017,0.0,≤4.6
Primary and secondary syphilis,2023,Female,15–44,Texas,Bandera County,48,019,0.0,≤4.6
Primary and secondary syphilis,2023,Female,15–44,Texas,Bastrop County,48,021,19.2,>4.6
Primary and secondary syphilis,2023,Female,15–44,Texas,Baylor County,48,023,338.4,>4.6
Primary and secondary syphilis,2023,Female,15–44,Texas,Bee County,48,025,22.2,>4.6
Primary and secondary syphilis,2023,Female,15–44,Texas,Bell County,48,027,18.6,>4.6
Primary and secondary syphilis,2023,Female,15–44,Texas,Bexar County,48,029,21.1,>4.6
Primary and secondary syphilis,2023,Female,15–44,Texas,Blanco County,48,031,0.0,≤4.6
Primary and secondary syphilis,2023,Female,15–44,Texas,Borden County,48,033,0.0,≤4.6
Primary and secondary syphilis,2023,Female,15–44,Texas,Bosque County,48,035,0.0,≤4.6
Primary and secondary syphilis,2023,Female,15–44,Texas,Bowie County,48,037,41.2,>4.6
Primary and secondary syphilis,2023,Female,15–44,Texas,Brazoria County,48,039,13.5,>4.6
Primary and secondary syphilis,2023,Female,15–44,Texas,Brazos County,48,041,15.2,>4.6
Primary and secondary syphilis,2023,Female,15–44,Texas,Brewster County,48,043,0.0,≤4.6
Primary and secondary syphilis,2023,Female,15–44,Texas,Briscoe County,48,045,0.0,≤4.6
Primary and secondary syphilis,2023,Female,15–44,Texas,Brooks County,48,047,85.3,>4.6
Primary and secondary syphilis,2023,Female,15–44,Texas,Brown County,48,049,14.3,>4.6
Primary and secondary syphilis,2023,Female,15–44,Texas,Burleson County,48,051,30.4,>4.6
Primary and secondary syphilis,2023,Female,15–44,Texas,Burnet County,48,053,11.1,>4.6
Primary and secondary syphilis,2023,Female,15–44,Texas,Caldwell County,48,055,9.9,>4.6
Primary and secondary syphilis,2023,Female,15–44,Texas,Calhoun County,48,057,0.0,≤4.6
Primary and secondary syphilis,2023,Female,15–44,Texas,Callahan County,48,059,41.1,>4.6
Primary and secondary syphilis,2023,Female,15–44,Texas,Cameron County,48,061,5.9,>4.6
Primary and secondary syphilis,2023,Female,15–44,Texas,Camp County,48,063,0.0,≤4.6
Primary and secondary syphilis,2023,Female,15–44,Texas,Carson County,48,065,0.0,≤4.6
Primary and secondary syphilis,2023,Female,15–44,Texas,Cass County,48,067,103.1,>4.6
Primary and secondary syphilis,2023,Female,15–44,Texas,Castro County,48,069,0.0,≤4.6
Primary and secondary syphilis,2023,Female,15–44,Texas,Chambers County,48,071,17.6,>4.6
Primary and secondary syphilis,2023,Female,15–44,Texas,Cherokee County,48,073,32.9,>4.6
Primary and secondary syphilis,2023,Female,15–44,Texas,Childress County,48,075,0.0,≤4.6
Primary and secondary syphilis,2023,Female,15–44,Texas,Clay County,48,077,178.4,>4.6
Primary and secondary syphilis,2023,Female,15–44,Texas,Cochran County,48,079,0.0,≤4.6
Primary and secondary syphilis,2023,Female,15–44,Texas,Coke County,48,081,0.0,≤4.6
Primary and secondary syphilis,2023,Female,15–44,Texas,Coleman County,48,083,0.0,≤4.6
Primary and secondary syphilis,2023,Female,15–44,Texas,Collin County,48,085,5.6,>4.6
Primary and secondary syphilis,2023,Female,15–44,Texas,Collingsworth County,48,087,0.0,≤4.6
Primary and secondary syphilis,2023,Female,15–44,Texas,Colorado County,48,089,0.0,≤4.6
Primary and secondary syphilis,2023,Female,15–44,Texas,Comal County,48,091,5.7,>4.6
Primary and secondary syphilis,2023,Female,15–44,Texas,Comanche County,48,093,0.0,≤4.6
Primary and secondary syphilis,2023,Female,15–44,Texas,Concho County,48,095,0.0,≤4.6
Primary and secondary syphilis,2023,Female,15–44,Texas,Cooke County,48,097,25.6,>4.6
Primary and secondary syphilis,2023,Female,15–44,Texas,Coryell County,48,099,10.2,>4.6
Primary and secondary syphilis,2023,Female,15–44,Texas,Cottle County,48,101,0.0,≤4.6
Primary and secondary syphilis,2023,Female,15–44,Texas,Crane County,48,103,0.0,≤4.6
Primary and secondary syphilis,2023,Female,15–44,Texas,Crockett County,48,105,0.0,≤4.6
Primary and secondary syphilis,2023,Female,15–44,Texas,Crosby County,48,107,0.0,≤4.6
Primary and secondary syphilis,2023,Female,15–44,Texas,Culberson County,48,109,0.0,≤4.6
Primary and secondary syphilis,2023,Female,15–44,Texas,Dallam County,48,111,0.0,≤4.6
Primary and secondary syphilis,2023,Female,15–44,Texas,Dallas County,48,113,10.3,>4.6
Primary and secondary syphilis,2023,Female,15–44,Texas,Dawson County,48,115,219.4,>4.6
Primary and secondary syphilis,2023,Female,15–44,Texas,Deaf Smith County,48,117,0.0,≤4.6
Primary and secondary syphilis,2023,Female,15–44,Texas,Delta County,48,119,104.3,>4.6
Primary and secondary syphilis,2023,Female,15–44,Texas,Denton County,48,121,0.9,≤4.6
Primary and secondary syphilis,2023,Female,15–44,Texas,DeWitt County,48,123,32.5,>4.6
Primary and secondary syphilis,2023,Female,15–44,Texas,Dickens County,48,125,0.0,≤4.6
Primary and secondary syphilis,2023,Female,15–44,Texas,Dimmit County,48,127,124.6,>4.6
Primary and secondary syphilis,2023,Female,15–44,Texas,Donley County,48,129,0.0,≤4.6
Primary and secondary syphilis,2023,Female,15–44,Texas,Duval County,48,131,0.0,≤4.6
Primary and secondary syphilis,2023,Female,15–44,Texas,Eastland County,48,133,0.0,≤4.6
Primary and secondary syphilis,2023,Female,15–44,Texas,Ector County,48,135,23.3,>4.6
Primary and secondary syphilis,2023,Female,15–44,Texas,Edwards County,48,137,0.0,≤4.6
Primary and secondary syphilis,2023,Female,15–44,Texas,Ellis County,48,139,6.5,>4.6
Primary and secondary syphilis,2023,Female,15–44,Texas,El Paso County,48,141,17.0,>4.6
Primary and secondary syphilis,2023,Female,15–44,Texas,Erath County,48,143,0.0,≤4.6
Primary and secondary syphilis,2023,Female,15–44,Texas,Falls County,48,145,28.3,>4.6
Primary and secondary syphilis,2023,Female,15–44,Texas,Fannin County,48,147,0.0,≤4.6
Primary and secondary syphilis,2023,Female,15–44,Texas,Fayette County,48,149,0.0,≤4.6
Primary and secondary syphilis,2023,Female,15–44,Texas,Fisher County,48,151,173.6,>4.6
Primary and secondary syphilis,2023,Female,15–44,Texas,Floyd County,48,153,0.0,≤4.6
Primary and secondary syphilis,2023,Female,15–44,Texas,Foard County,48,155,0.0,≤4.6
Primary and secondary syphilis,2023,Female,15–44,Texas,Fort Bend County,48,157,6.9,>4.6
Primary and secondary syphilis,2023,Female,15–44,Texas,Franklin County,48,159,55.1,>4.6
Primary and secondary syphilis,2023,Female,15–44,Texas,Freestone County,48,161,0.0,≤4.6
Primary and secondary syphilis,2023,Female,15–44,Texas,Frio County,48,163,101.5,>4.6
Primary and secondary syphilis,2023,Female,15–44,Texas,Gaines County,48,165,0.0,≤4.6
Primary and secondary syphilis,2023,Female,15–44,Texas,Galveston County,48,167,11.3,>4.6
Primary and secondary syphilis,2023,Female,15–44,Texas,Garza County,48,169,0.0,≤4.6
Primary and secondary syphilis,2023,Female,15–44,Texas,Gillespie County,48,171,0.0,≤4.6
Primary and secondary syphilis,2023,Female,15–44,Texas,Glasscock County,48,173,0.0,≤4.6
Primary and secondary syphilis,2023,Female,15–44,Texas,Goliad County,48,175,0.0,≤4.6
Primary and secondary syphilis,2023,Female,15–44,Texas,Gonzales County,48,177,28.0,>4.6
Primary and secondary syphilis,2023,Female,15–44,Texas,Gray County,48,179,0.0,≤4.6
Primary and secondary syphilis,2023,Female,15–44,Texas,Grayson County,48,181,3.6,≤4.6
Primary and secondary syphilis,2023,Female,15–44,Texas,Gregg County,48,183,7.9,>4.6
Primary and secondary syphilis,2023,Female,15–44,Texas,Grimes County,48,185,19.2,>4.6
Primary and secondary syphilis,2023,Female,15–44,Texas,Guadalupe County,48,187,15.8,>4.6
Primary and secondary syphilis,2023,Female,15–44,Texas,Hale County,48,189,33.5,>4.6
Primary and secondary syphilis,2023,Female,15–44,Texas,Hall County,48,191,0.0,≤4.6
Primary and secondary syphilis,2023,Female,15–44,Texas,Hamilton County,48,193,0.0,≤4.6
Primary and secondary syphilis,2023,Female,15–44,Texas,Hansford County,48,195,0.0,≤4.6
Primary and secondary syphilis,2023,Female,15–44,Texas,Hardeman County,48,197,0.0,≤4.6
Primary and secondary syphilis,2023,Female,15–44,Texas,Hardin County,48,199,18.5,>4.6
Primary and secondary syphilis,2023,Female,15–44,Texas,Harris County,48,201,30.5,>4.6
Primary and secondary syphilis,2023,Female,15–44,Texas,Harrison County,48,203,14.3,>4.6
Primary and secondary syphilis,2023,Female,15–44,Texas,Hartley County,48,205,0.0,≤4.6
Primary and secondary syphilis,2023,Female,15–44,Texas,Haskell County,48,207,0.0,≤4.6
Primary and secondary syphilis,2023,Female,15–44,Texas,Hays County,48,209,10.5,>4.6
Primary and secondary syphilis,2023,Female,15–44,Texas,Hemphill County,48,211,0.0,≤4.6
Primary and secondary syphilis,2023,Female,15–44,Texas,Henderson County,48,213,27.3,>4.6
Primary and secondary syphilis,2023,Female,15–44,Texas,Hidalgo County,48,215,13.2,>4.6
Primary and secondary syphilis,2023,Female,15–44,Texas,Hill County,48,217,44.4,>4.6
Primary and secondary syphilis,2023,Female,15–44,Texas,Hockley County,48,219,23.6,>4.6
Primary and secondary syphilis,2023,Female,15–44,Texas,Hood County,48,221,0.0,≤4.6
Primary and secondary syphilis,2023,Female,15–44,Texas,Hopkins County,48,223,28.6,>4.6
Primary and secondary syphilis,2023,Female,15–44,Texas,Houston County,48,225,0.0,≤4.6
Primary and secondary syphilis,2023,Female,15–44,Texas,Howard County,48,227,52.3,>4.6
Primary and secondary syphilis,2023,Female,15–44,Texas,Hudspeth County,48,229,0.0,≤4.6
Primary and secondary syphilis,2023,Female,15–44,Texas,Hunt County,48,231,13.1,>4.6
Primary and secondary syphilis,2023,Female,15–44,Texas,Hutchinson County,48,233,26.9,>4.6
Primary and secondary syphilis,2023,Female,15–44,Texas,Irion County,48,235,0.0,≤4.6
Primary and secondary syphilis,2023,Female,15–44,Texas,Jack County,48,237,0.0,≤4.6
Primary and secondary syphilis,2023,Female,15–44,Texas,Jackson County,48,239,0.0,≤4.6
Primary and secondary syphilis,2023,Female,15–44,Texas,Jasper County,48,241,0.0,≤4.6
Primary and secondary syphilis,2023,Female,15–44,Texas,Jeff Davis County,48,243,0.0,≤4.6
Primary and secondary syphilis,2023,Female,15–44,Texas,Jefferson County,48,245,21.4,>4.6
Primary and secondary syphilis,2023,Female,15–44,Texas,Jim Hogg County,48,247,0.0,≤4.6
Primary and secondary syphilis,2023,Female,15–44,Texas,Jim Wells County,48,249,26.7,>4.6
Primary and secondary syphilis,2023,Female,15–44,Texas,Johnson County,48,251,7.4,>4.6
Primary and secondary syphilis,2023,Female,15–44,Texas,Jones County,48,253,39.1,>4.6
Primary and secondary syphilis,2023,Female,15–44,Texas,Karnes County,48,255,43.3,>4.6
Primary and secondary syphilis,2023,Female,15–44,Texas,Kaufman County,48,257,2.4,≤4.6
Primary and secondary syphilis,2023,Female,15–44,Texas,Kendall County,48,259,0.0,≤4.6
Primary and secondary syphilis,2023,Female,15–44,Texas,Kenedy County,48,261,0.0,≤4.6
Primary and secondary syphilis,2023,Female,15–44,Texas,Kent County,48,263,0.0,≤4.6
Primary and secondary syphilis,2023,Female,15–44,Texas,Kerr County,48,265,23.7,>4.6
Primary and secondary syphilis,2023,Female,15–44,Texas,Kimble County,48,267,0.0,≤4.6
Primary and secondary syphilis,2023,Female,15–44,Texas,King County,48,269,0.0,≤4.6
Primary and secondary syphilis,2023,Female,15–44,Texas,Kinney County,48,271,0.0,≤4.6
Primary and secondary syphilis,2023,Female,15–44,Texas,Kleberg County,48,273,0.0,≤4.6
Primary and secondary syphilis,2023,Female,15–44,Texas,Knox County,48,275,0.0,≤4.6
Primary and secondary syphilis,2023,Female,15–44,Texas,Lamar County,48,277,10.6,>4.6
Primary and secondary syphilis,2023,Female,15–44,Texas,Lamb County,48,279,86.9,>4.6
Primary and secondary syphilis,2023,Female,15–44,Texas,Lampasas County,48,281,0.0,≤4.6
Primary and secondary syphilis,2023,Female,15–44,Texas,La Salle County,48,283,0.0,≤4.6
Primary and secondary syphilis,2023,Female,15–44,Texas,Lavaca County,48,285,0.0,≤4.6
Primary and secondary syphilis,2023,Female,15–44,Texas,Lee County,48,287,0.0,≤4.6
Primary and secondary syphilis,2023,Female,15–44,Texas,Leon County,48,289,0.0,≤4.6
Primary and secondary syphilis,2023,Female,15–44,Texas,Liberty County,48,291,13.2,>4.6
Primary and secondary syphilis,2023,Female,15–44,Texas,Limestone County,48,293,0.0,≤4.6
Primary and secondary syphilis,2023,Female,15–44,Texas,Lipscomb County,48,295,0.0,≤4.6
Primary and secondary syphilis,2023,Female,15–44,Texas,Live Oak County,48,297,0.0,≤4.6
Primary and secondary syphilis,2023,Female,15–44,Texas,Llano County,48,299,72.7,>4.6
Primary and secondary syphilis,2023,Female,15–44,Texas,Loving County,48,301,0.0,≤4.6
Primary and secondary syphilis,2023,Female,15–44,Texas,Lubbock County,48,303,76.6,>4.6
Primary and secondary syphilis,2023,Female,15–44,Texas,Lynn County,48,305,0.0,≤4.6
Primary and secondary syphilis,2023,Female,15–44,Texas,McCulloch County,48,307,0.0,≤4.6
Primary and secondary syphilis,2023,Female,15–44,Texas,McLennan County,48,309,15.4,>4.6
Primary and secondary syphilis,2023,Female,15–44,Texas,McMullen County,48,311,0.0,≤4.6
Primary and secondary syphilis,2023,Female,15–44,Texas,Madison County,48,313,0.0,≤4.6
Primary and secondary syphilis,2023,Female,15–44,Texas,Marion County,48,315,0.0,≤4.6
Primary and secondary syphilis,2023,Female,15–44,Texas,Martin County,48,317,0.0,≤4.6
Primary and secondary syphilis,2023,Female,15–44,Texas,Mason County,48,319,,Unavailable/suppressed
Primary and secondary syphilis,2023,Female,15–44,Texas,Matagorda County,48,321,30.6,>4.6
Primary and secondary syphilis,2023,Female,15–44,Texas,Maverick County,48,323,0.0,≤4.6
Primary and secondary syphilis,2023,Female,15–44,Texas,Medina County,48,325,31.8,>4.6
Primary and secondary syphilis,2023,Female,15–44,Texas,Menard County,48,327,0.0,≤4.6
Primary and secondary syphilis,2023,Female,15–44,Texas,Midland County,48,329,23.7,>4.6
Primary and secondary syphilis,2023,Female,15–44,Texas,Milam County,48,331,67.3,>4.6
Primary and secondary syphilis,2023,Female,15–44,Texas,Mills County,48,333,0.0,≤4.6
Primary and secondary syphilis,2023,Female,15–44,Texas,Mitchell County,48,335,0.0,≤4.6
Primary and secondary syphilis,2023,Female,15–44,Texas,Montague County,48,337,0.0,≤4.6
Primary and secondary syphilis,2023,Female,15–44,Texas,Montgomery County,48,339,4.9,>4.6
Primary and secondary syphilis,2023,Female,15–44,Texas,Moore County,48,341,0.0,≤4.6
Primary and secondary syphilis,2023,Female,15–44,Texas,Morris County,48,343,0.0,≤4.6
Primary and secondary syphilis,2023,Female,15–44,Texas,Motley County,48,345,0.0,≤4.6
Primary and secondary syphilis,2023,Female,15–44,Texas,Nacogdoches County,48,347,6.6,>4.6
Primary and secondary syphilis,2023,Female,15–44,Texas,Navarro County,48,349,28.4,>4.6
Primary and secondary syphilis,2023,Female,15–44,Texas,Newton County,48,351,0.0,≤4.6
Primary and secondary syphilis,2023,Female,15–44,Texas,Nolan County,48,353,80.6,>4.6
Primary and secondary syphilis,2023,Female,15–44,Texas,Nueces County,48,355,15.5,>4.6
Primary and secondary syphilis,2023,Female,15–44,Texas,Ochiltree County,48,357,0.0,≤4.6
Primary and secondary syphilis,2023,Female,15–44,Texas,Oldham County,48,359,0.0,≤4.6
Primary and secondary syphilis,2023,Female,15–44,Texas,Orange County,48,361,42.3,>4.6
Primary and secondary syphilis,2023,Female,15–44,Texas,Palo Pinto County,48,363,0.0,≤4.6
Primary and secondary syphilis,2023,Female,15–44,Texas,Panola County,48,365,0.0,≤4.6
Primary and secondary syphilis,2023,Female,15–44,Texas,Parker County,48,367,0.0,≤4.6
Primary and secondary syphilis,2023,Female,15–44,Texas,Parmer County,48,369,0.0,≤4.6
Primary and secondary syphilis,2023,Female,15–44,Texas,Pecos County,48,371,0.0,≤4.6
Primary and secondary syphilis,2023,Female,15–44,Texas,Polk County,48,373,0.0,≤4.6
Primary and secondary syphilis,2023,Female,15–44,Texas,Potter County,48,375,58.1,>4.6
Primary and secondary syphilis,2023,Female,15–44,Texas,Presidio County,48,377,0.0,≤4.6
Primary and secondary syphilis,2023,Female,15–44,Texas,Rains County,48,379,0.0,≤4.6
Primary and secondary syphilis,2023,Female,15–44,Texas,Randall County,48,381,29.0,>4.6
Primary and secondary syphilis,2023,Female,15–44,Texas,Reagan County,48,383,0.0,≤4.6
Primary and secondary syphilis,2023,Female,15–44,Texas,Real County,48,385,0.0,≤4.6
Primary and secondary syphilis,2023,Female,15–44,Texas,Red River County,48,387,54.6,>4.6
Primary and secondary syphilis,2023,Female,15–44,Texas,Reeves County,48,389,0.0,≤4.6
Primary and secondary syphilis,2023,Female,15–44,Texas,Refugio County,48,391,0.0,≤4.6
Primary and secondary syphilis,2023,Female,15–44,Texas,Roberts County,48,393,0.0,≤4.6
Primary and secondary syphilis,2023,Female,15–44,Texas,Robertson County,48,395,0.0,≤4.6
Primary and secondary syphilis,2023,Female,15–44,Texas,Rockwall County,48,397,0.0,≤4.6
Primary and secondary syphilis,2023,Female,15–44,Texas,Runnels County,48,399,0.0,≤4.6
Primary and secondary syphilis,2023,Female,15–44,Texas,Rusk County,48,401,43.3,>4.6
Primary and secondary syphilis,2023,Female,15–44,Texas,Sabine County,48,403,0.0,≤4.6
Primary and secondary syphilis,2023,Female,15–44,Texas,San Augustine County,48,405,0.0,≤4.6
Primary and secondary syphilis,2023,Female,15–44,Texas,San Jacinto County,48,407,0.0,≤4.6
Primary and secondary syphilis,2023,Female,15–44,Texas,San Patricio County,48,409,29.4,>4.6
Primary and secondary syphilis,2023,Female,15–44,Texas,San Saba County,48,411,126.4,>4.6
Primary and secondary syphilis,2023,Female,15–44,Texas,Schleicher County,48,413,0.0,≤4.6
Primary and secondary syphilis,2023,Female,15–44,Texas,Scurry County,48,415,67.8,>4.6
Primary and secondary syphilis,2023,Female,15–44,Texas,Shackelford County,48,417,,Unavailable/suppressed
Primary and secondary syphilis,2023,Female,15–44,Texas,Shelby County,48,419,0.0,≤4.6
Primary and secondary syphilis,2023,Female,15–44,Texas,Sherman County,48,421,0.0,≤4.6
Primary and secondary syphilis,2023,Female,15–44,Texas,Smith County,48,423,28.2,>4.6
Primary and secondary syphilis,2023,Female,15–44,Texas,Somervell County,48,425,0.0,≤4.6
Primary and secondary syphilis,2023,Female,15–44,Texas,Starr County,48,427,29.4,>4.6
Primary and secondary syphilis,2023,Female,15–44,Texas,Stephens County,48,429,0.0,≤4.6
Primary and secondary syphilis,2023,Female,15–44,Texas,Sterling County,48,431,0.0,≤4.6
Primary and secondary syphilis,2023,Female,15–44,Texas,Stonewall County,48,433,0.0,≤4.6
Primary and secondary syphilis,2023,Female,15–44,Texas,Sutton County,48,435,0.0,≤4.6
Primary and secondary syphilis,2023,Female,15–44,Texas,Swisher County,48,437,0.0,≤4.6
Primary and secondary syphilis,2023,Female,15–44,Texas,Tarrant County,48,439,15.4,>4.6
Primary and secondary syphilis,2023,Female,15–44,Texas,Taylor County,48,441,43.0,>4.6
Primary and secondary syphilis,2023,Female,15–44,Texas,Terrell County,48,443,0.0,≤4.6
Primary and secondary syphilis,2023,Female,15–44,Texas,Terry County,48,445,0.0,≤4.6
Primary and secondary syphilis,2023,Female,15–44,Texas,Throckmorton County,48,447,0.0,≤4.6
Primary and secondary syphilis,2023,Female,15–44,Texas,Titus County,48,449,0.0,≤4.6
Primary and secondary syphilis,2023,Female,15–44,Texas,Tom Green County,48,451,24.7,>4.6
Primary and secondary syphilis,2023,Female,15–44,Texas,Travis County,48,453,18.8,>4.6
Primary and secondary syphilis,2023,Female,15–44,Texas,Trinity County,48,455,0.0,≤4.6
Primary and secondary syphilis,2023,Female,15–44,Texas,Tyler County,48,457,0.0,≤4.6
Primary and secondary syphilis,2023,Female,15–44,Texas,Upshur County,48,459,12.9,>4.6
Primary and secondary syphilis,2023,Female,15–44,Texas,Upton County,48,461,0.0,≤4.6
Primary and secondary syphilis,2023,Female,15–44,Texas,Uvalde County,48,463,0.0,≤4.6
Primary and secondary syphilis,2023,Female,15–44,Texas,Val Verde County,48,465,0.0,≤4.6
Primary and secondary syphilis,2023,Female,15–44,Texas,Van Zandt County,48,467,9.0,>4.6
Primary and secondary syphilis,2023,Female,15–44,Texas,Victoria County,48,469,11.1,>4.6
Primary and secondary syphilis,2023,Female,15–44,Texas,Walker County,48,471,0.0,≤4.6
Primary and secondary syphilis,2023,Female,15–44,Texas,Waller County,48,473,0.0,≤4.6
Primary and secondary syphilis,2023,Female,15–44,Texas,Ward County,48,475,0.0,≤4.6
Primary and secondary syphilis,2023,Female,15–44,Texas,Washington County,48,477,15.0,>4.6
Primary and secondary syphilis,2023,Female,15–44,Texas,Webb County,48,479,16.0,>4.6
Primary and secondary syphilis,2023,Female,15–44,Texas,Wharton County,48,481,38.1,>4.6
Primary and secondary syphilis,2023,Female,15–44,Texas,Wheeler County,48,483,0.0,≤4.6
Primary and secondary syphilis,2023,Female,15–44,Texas,Wichita County,48,485,38.9,>4.6
Primary and secondary syphilis,2023,Female,15–44,Texas,Wilbarger County,48,487,0.0,≤4.6
Primary and secondary syphilis,2023,Female,15–44,Texas,Willacy County,48,489,0.0,≤4.6
Primary and secondary syphilis,2023,Female,15–44,Texas,Williamson County,48,491,8.6,>4.6
Primary and secondary syphilis,2023,Female,15–44,Texas,Wilson County,48,493,31.0,>4.6
Primary and secondary syphilis,2023,Female,15–44,Texas,Winkler County,48,495,0.0,≤4.6
Primary and secondary syphilis,2023,Female,15–44,Texas,Wise County,48,497,6.8,>4.6
Primary and secondary syphilis,2023,Female,15–44,Texas,Wood County,48,499,14.1,>4.6
Primary and secondary syphilis,2023,Female,15–44,Texas,Yoakum County,48,501,0.0,≤4.6
Primary and secondary syphilis,2023,Female,15–44,Texas,Young County,48,503,31.3,>4.6
Primary and secondary syphilis,2023,Female,15–44,Texas,Zapata County,48,505,0.0,≤4.6
Primary and secondary syphilis,2023,Female,15–44,Texas,Zavala County,48,507,0.0,≤4.6
Primary and secondary syphilis,2023,Female,15–44,Utah,Beaver County,49,001,0.0,≤4.6
Primary and secondary syphilis,2023,Female,15–44,Utah,Box Elder County,49,003,0.0,≤4.6
Primary and secondary syphilis,2023,Female,15–44,Utah,Cache County,49,005,0.0,≤4.6
Primary and secondary syphilis,2023,Female,15–44,Utah,Carbon County,49,007,25.3,>4.6
Primary and secondary syphilis,2023,Female,15–44,Utah,Daggett County,49,009,0.0,≤4.6
Primary and secondary syphilis,2023,Female,15–44,Utah,Davis County,49,011,3.8,≤4.6
Primary and secondary syphilis,2023,Female,15–44,Utah,Duchesne County,49,013,0.0,≤4.6
Primary and secondary syphilis,2023,Female,15–44,Utah,Emery County,49,015,0.0,≤4.6
Primary and secondary syphilis,2023,Female,15–44,Utah,Garfield County,49,017,0.0,≤4.6
Primary and secondary syphilis,2023,Female,15–44,Utah,Grand County,49,019,0.0,≤4.6
Primary and secondary syphilis,2023,Female,15–44,Utah,Iron County,49,021,13.7,>4.6
Primary and secondary syphilis,2023,Female,15–44,Utah,Juab County,49,023,0.0,≤4.6
Primary and secondary syphilis,2023,Female,15–44,Utah,Kane County,49,025,0.0,≤4.6
Primary and secondary syphilis,2023,Female,15–44,Utah,Millard County,49,027,0.0,≤4.6
Primary and secondary syphilis,2023,Female,15–44,Utah,Morgan County,49,029,0.0,≤4.6
Primary and secondary syphilis,2023,Female,15–44,Utah,Piute County,49,031,0.0,≤4.6
Primary and secondary syphilis,2023,Female,15–44,Utah,Rich County,49,033,0.0,≤4.6
Primary and secondary syphilis,2023,Female,15–44,Utah,Salt Lake County,49,035,16.7,>4.6
Primary and secondary syphilis,2023,Female,15–44,Utah,San Juan County,49,037,36.3,>4.6
Primary and secondary syphilis,2023,Female,15–44,Utah,Sanpete County,49,039,0.0,≤4.6
Primary and secondary syphilis,2023,Female,15–44,Utah,Sevier County,49,041,0.0,≤4.6
Primary and secondary syphilis,2023,Female,15–44,Utah,Summit County,49,043,0.0,≤4.6
Primary and secondary syphilis,2023,Female,15–44,Utah,Tooele County,49,045,0.0,≤4.6
Primary and secondary syphilis,2023,Female,15–44,Utah,Uintah County,49,047,0.0,≤4.6
Primary and secondary syphilis,2023,Female,15–44,Utah,Utah County,49,049,1.1,≤4.6
Primary and secondary syphilis,2023,Female,15–44,Utah,Wasatch County,49,051,14.4,>4.6
Primary and secondary syphilis,2023,Female,15–44,Utah,Washington County,49,053,5.3,>4.6
Primary and secondary syphilis,2023,Female,15–44,Utah,Wayne County,49,055,0.0,≤4.6
Primary and secondary syphilis,2023,Female,15–44,Utah,Weber County,49,057,0.0,≤4.6
Primary and secondary syphilis,2023,Female,15–44,Vermont,Addison County,50,001,0.0,≤4.6
Primary and secondary syphilis,2023,Female,15–44,Vermont,Bennington County,50,003,0.0,≤4.6
Primary and secondary syphilis,2023,Female,15–44,Vermont,Caledonia County,50,005,0.0,≤4.6
Primary and secondary syphilis,2023,Female,15–44,Vermont,Chittenden County,50,007,0.0,≤4.6
Primary and secondary syphilis,2023,Female,15–44,Vermont,Essex County,50,009,0.0,≤4.6
Primary and secondary syphilis,2023,Female,15–44,Vermont,Franklin County,50,011,0.0,≤4.6
Primary and secondary syphilis,2023,Female,15–44,Vermont,Grand Isle County,50,013,0.0,≤4.6
Primary and secondary syphilis,2023,Female,15–44,Vermont,Lamoille County,50,015,0.0,≤4.6
Primary and secondary syphilis,2023,Female,15–44,Vermont,Orange County,50,017,0.0,≤4.6
Primary and secondary syphilis,2023,Female,15–44,Vermont,Orleans County,50,019,0.0,≤4.6
Primary and secondary syphilis,2023,Female,15–44,Vermont,Rutland County,50,021,0.0,≤4.6
Primary and secondary syphilis,2023,Female,15–44,Vermont,Washington County,50,023,0.0,≤4.6
Primary and secondary syphilis,2023,Female,15–44,Vermont,Windham County,50,025,0.0,≤4.6
Primary and secondary syphilis,2023,Female,15–44,Vermont,Windsor County,50,027,0.0,≤4.6
Primary and secondary syphilis,2023,Female,15–44,Virginia,Accomack County,51,001,0.0,≤4.6
Primary and secondary syphilis,2023,Female,15–44,Virginia,Albemarle County,51,003,0.0,≤4.6
Primary and secondary syphilis,2023,Female,15–44,Virginia,Alleghany County,51,005,0.0,≤4.6
Primary and secondary syphilis,2023,Female,15–44,Virginia,Amelia County,51,007,0.0,≤4.6
Primary and secondary syphilis,2023,Female,15–44,Virginia,Amherst County,51,009,0.0,≤4.6
Primary and secondary syphilis,2023,Female,15–44,Virginia,Appomattox County,51,011,0.0,≤4.6
Primary and secondary syphilis,2023,Female,15–44,Virginia,Arlington County,51,013,0.0,≤4.6
Primary and secondary syphilis,2023,Female,15–44,Virginia,Augusta County,51,015,31.4,>4.6
Primary and secondary syphilis,2023,Female,15–44,Virginia,Bath County,51,017,0.0,≤4.6
Primary and secondary syphilis,2023,Female,15–44,Virginia,Bedford County,51,019,0.0,≤4.6
Primary and secondary syphilis,2023,Female,15–44,Virginia,Bland County,51,021,0.0,≤4.6
Primary and secondary syphilis,2023,Female,15–44,Virginia,Botetourt County,51,023,18.8,>4.6
Primary and secondary syphilis,2023,Female,15–44,Virginia,Brunswick County,51,025,44.0,>4.6
Primary and secondary syphilis,2023,Female,15–44,Virginia,Buchanan County,51,027,0.0,≤4.6
Primary and secondary syphilis,2023,Female,15–44,Virginia,Buckingham County,51,029,0.0,≤4.6
Primary and secondary syphilis,2023,Female,15–44,Virginia,Campbell County,51,031,10.1,>4.6
Primary and secondary syphilis,2023,Female,15–44,Virginia,Caroline County,51,033,16.5,>4.6
Primary and secondary syphilis,2023,Female,15–44,Virginia,Carroll County,51,035,0.0,≤4.6
Primary and secondary syphilis,2023,Female,15–44,Virginia,Charles City County,51,036,0.0,≤4.6
Primary and secondary syphilis,2023,Female,15–44,Virginia,Charlotte County,51,037,0.0,≤4.6
Primary and secondary syphilis,2023,Female,15–44,Virginia,Chesterfield County,51,041,5.2,>4.6
Primary and secondary syphilis,2023,Female,15–44,Virginia,Clarke County,51,043,0.0,≤4.6
Primary and secondary syphilis,2023,Female,15–44,Virginia,Craig County,51,045,0.0,≤4.6
Primary and secondary syphilis,2023,Female,15–44,Virginia,Culpeper County,51,047,10.1,>4.6
Primary and secondary syphilis,2023,Female,15–44,Virginia,Cumberland County,51,049,0.0,≤4.6
Primary and secondary syphilis,2023,Female,15–44,Virginia,Dickenson County,51,051,0.0,≤4.6
Primary and secondary syphilis,2023,Female,15–44,Virginia,Dinwiddie County,51,053,0.0,≤4.6
Primary and secondary syphilis,2023,Female,15–44,Virginia,Essex County,51,057,0.0,≤4.6
Primary and secondary syphilis,2023,Female,15–44,Virginia,Fairfax County,51,059,1.8,≤4.6
Primary and secondary syphilis,2023,Female,15–44,Virginia,Fauquier County,51,061,0.0,≤4.6
Primary and secondary syphilis,2023,Female,15–44,Virginia,Floyd County,51,063,0.0,≤4.6
Primary and secondary syphilis,2023,Female,15–44,Virginia,Fluvanna County,51,065,17.6,>4.6
Primary and secondary syphilis,2023,Female,15–44,Virginia,Franklin County,51,067,11.4,>4.6
Primary and secondary syphilis,2023,Female,15–44,Virginia,Frederick County,51,069,0.0,≤4.6
Primary and secondary syphilis,2023,Female,15–44,Virginia,Giles County,51,071,37.1,>4.6
Primary and secondary syphilis,2023,Female,15–44,Virginia,Gloucester County,51,073,0.0,≤4.6
Primary and secondary syphilis,2023,Female,15–44,Virginia,Goochland County,51,075,0.0,≤4.6
Primary and secondary syphilis,2023,Female,15–44,Virginia,Grayson County,51,077,0.0,≤4.6
Primary and secondary syphilis,2023,Female,15–44,Virginia,Greene County,51,079,0.0,≤4.6
Primary and secondary syphilis,2023,Female,15–44,Virginia,Greensville County,51,081,0.0,≤4.6
Primary and secondary syphilis,2023,Female,15–44,Virginia,Halifax County,51,083,18.7,>4.6
Primary and secondary syphilis,2023,Female,15–44,Virginia,Hanover County,51,085,0.0,≤4.6
Primary and secondary syphilis,2023,Female,15–44,Virginia,Henrico County,51,087,20.5,>4.6
Primary and secondary syphilis,2023,Female,15–44,Virginia,Henry County,51,089,12.5,>4.6
Primary and secondary syphilis,2023,Female,15–44,Virginia,Highland County,51,091,0.0,≤4.6
Primary and secondary syphilis,2023,Female,15–44,Virginia,Isle of Wight County,51,093,14.2,>4.6
Primary and secondary syphilis,2023,Female,15–44,Virginia,James City County,51,095,0.0,≤4.6
Primary and secondary syphilis,2023,Female,15–44,Virginia,King and Queen County,51,097,0.0,≤4.6
Primary and secondary syphilis,2023,Female,15–44,Virginia,King George County,51,099,0.0,≤4.6
Primary and secondary syphilis,2023,Female,15–44,Virginia,King William County,51,101,0.0,≤4.6
Primary and secondary syphilis,2023,Female,15–44,Virginia,Lancaster County,51,103,0.0,≤4.6
Primary and secondary syphilis,2023,Female,15–44,Virginia,Lee County,51,105,0.0,≤4.6
Primary and secondary syphilis,2023,Female,15–44,Virginia,Loudoun County,51,107,2.3,≤4.6
Primary and secondary syphilis,2023,Female,15–44,Virginia,Louisa County,51,109,0.0,≤4.6
Primary and secondary syphilis,2023,Female,15–44,Virginia,Lunenburg County,51,111,0.0,≤4.6
Primary and secondary syphilis,2023,Female,15–44,Virginia,Madison County,51,113,0.0,≤4.6
Primary and secondary syphilis,2023,Female,15–44,Virginia,Mathews County,51,115,0.0,≤4.6
Primary and secondary syphilis,2023,Female,15–44,Virginia,Mecklenburg County,51,117,0.0,≤4.6
Primary and secondary syphilis,2023,Female,15–44,Virginia,Middlesex County,51,119,0.0,≤4.6
Primary and secondary syphilis,2023,Female,15–44,Virginia,Montgomery County,51,121,0.0,≤4.6
Primary and secondary syphilis,2023,Female,15–44,Virginia,Nelson County,51,125,0.0,≤4.6
Primary and secondary syphilis,2023,Female,15–44,Virginia,New Kent County,51,127,0.0,≤4.6
Primary and secondary syphilis,2023,Female,15–44,Virginia,Northampton County,51,131,0.0,≤4.6
Primary and secondary syphilis,2023,Female,15–44,Virginia,Northumberland County,51,133,0.0,≤4.6
Primary and secondary syphilis,2023,Female,15–44,Virginia,Nottoway County,51,135,0.0,≤4.6
Primary and secondary syphilis,2023,Female,15–44,Virginia,Orange County,51,137,14.9,>4.6
Primary and secondary syphilis,2023,Female,15–44,Virginia,Page County,51,139,0.0,≤4.6
Primary and secondary syphilis,2023,Female,15–44,Virginia,Patrick County,51,141,0.0,≤4.6
Primary and secondary syphilis,2023,Female,15–44,Virginia,Pittsylvania County,51,143,0.0,≤4.6
Primary and secondary syphilis,2023,Female,15–44,Virginia,Powhatan County,51,145,0.0,≤4.6
Primary and secondary syphilis,2023,Female,15–44,Virginia,Prince Edward County,51,147,0.0,≤4.6
Primary and secondary syphilis,2023,Female,15–44,Virginia,Prince George County,51,149,47.7,>4.6
Primary and secondary syphilis,2023,Female,15–44,Virginia,Prince William County,51,153,5.0,>4.6
Primary and secondary syphilis,2023,Female,15–44,Virginia,Pulaski County,51,155,0.0,≤4.6
Primary and secondary syphilis,2023,Female,15–44,Virginia,Rappahannock County,51,157,0.0,≤4.6
Primary and secondary syphilis,2023,Female,15–44,Virginia,Richmond County,51,159,0.0,≤4.6
Primary and secondary syphilis,2023,Female,15–44,Virginia,Roanoke County,51,161,11.4,>4.6
Primary and secondary syphilis,2023,Female,15–44,Virginia,Rockbridge County,51,163,57.5,>4.6
Primary and secondary syphilis,2023,Female,15–44,Virginia,Rockingham County,51,165,0.0,≤4.6
Primary and secondary syphilis,2023,Female,15–44,Virginia,Russell County,51,167,24.6,>4.6
Primary and secondary syphilis,2023,Female,15–44,Virginia,Scott County,51,169,0.0,≤4.6
Primary and secondary syphilis,2023,Female,15–44,Virginia,Shenandoah County,51,171,13.1,>4.6
Primary and secondary syphilis,2023,Female,15–44,Virginia,Smyth County,51,173,0.0,≤4.6
Primary and secondary syphilis,2023,Female,15–44,Virginia,Southampton County,51,175,0.0,≤4.6
Primary and secondary syphilis,2023,Female,15–44,Virginia,Spotsylvania County,51,177,6.9,>4.6
Primary and secondary syphilis,2023,Female,15–44,Virginia,Stafford County,51,179,6.0,>4.6
Primary and secondary syphilis,2023,Female,15–44,Virginia,Surry County,51,181,0.0,≤4.6
Primary and secondary syphilis,2023,Female,15–44,Virginia,Sussex County,51,183,0.0,≤4.6
Primary and secondary syphilis,2023,Female,15–44,Virginia,Tazewell County,51,185,0.0,≤4.6
Primary and secondary syphilis,2023,Female,15–44,Virginia,Warren County,51,187,0.0,≤4.6
Primary and secondary syphilis,2023,Female,15–44,Virginia,Washington County,51,191,0.0,≤4.6
Primary and secondary syphilis,2023,Female,15–44,Virginia,Westmoreland County,51,193,0.0,≤4.6
Primary and secondary syphilis,2023,Female,15–44,Virginia,Wise County,51,195,34.3,>4.6
Primary and secondary syphilis,2023,Female,15–44,Virginia,Wythe County,51,197,0.0,≤4.6
Primary and secondary syphilis,2023,Female,15–44,Virginia,York County,51,199,15.1,>4.6
Primary and secondary syphilis,2023,Female,15–44,Virginia,Alexandria city,51,510,0.0,≤4.6
Primary and secondary syphilis,2023,Female,15–44,Virginia,Bristol city,51,520,0.0,≤4.6
Primary and secondary syphilis,2023,Female,15–44,Virginia,Buena Vista city,51,530,0.0,≤4.6
Primary and secondary syphilis,2023,Female,15–44,Virginia,Charlottesville city,51,540,0.0,≤4.6
Primary and secondary syphilis,2023,Female,15–44,Virginia,Chesapeake city,51,550,7.8,>4.6
Primary and secondary syphilis,2023,Female,15–44,Virginia,Colonial Heights city,51,570,28.1,>4.6
Primary and secondary syphilis,2023,Female,15–44,Virginia,Covington city,51,580,213.2,>4.6
Primary and secondary syphilis,2023,Female,15–44,Virginia,Danville city,51,590,12.5,>4.6
Primary and secondary syphilis,2023,Female,15–44,Virginia,Emporia city,51,595,0.0,≤4.6
Primary and secondary syphilis,2023,Female,15–44,Virginia,Fairfax city,51,600,0.0,≤4.6
Primary and secondary syphilis,2023,Female,15–44,Virginia,Falls Church city,51,610,0.0,≤4.6
Primary and secondary syphilis,2023,Female,15–44,Virginia,Franklin city,51,620,0.0,≤4.6
Primary and secondary syphilis,2023,Female,15–44,Virginia,Fredericksburg city,51,630,0.0,≤4.6
Primary and secondary syphilis,2023,Female,15–44,Virginia,Galax city,51,640,0.0,≤4.6
Primary and secondary syphilis,2023,Female,15–44,Virginia,Hampton city,51,650,17.0,>4.6
Primary and secondary syphilis,2023,Female,15–44,Virginia,Harrisonburg city,51,660,6.4,>4.6
Primary and secondary syphilis,2023,Female,15–44,Virginia,Hopewell city,51,670,41.9,>4.6
Primary and secondary syphilis,2023,Female,15–44,Virginia,Lexington city,51,678,0.0,≤4.6
Primary and secondary syphilis,2023,Female,15–44,Virginia,Lynchburg city,51,680,18.7,>4.6
Primary and secondary syphilis,2023,Female,15–44,Virginia,Manassas city,51,683,0.0,≤4.6
Primary and secondary syphilis,2023,Female,15–44,Virginia,Manassas Park city,51,685,0.0,≤4.6
Primary and secondary syphilis,2023,Female,15–44,Virginia,Martinsville city,51,690,0.0,≤4.6
Primary and secondary syphilis,2023,Female,15–44,Virginia,Newport News city,51,700,5.0,>4.6
Primary and secondary syphilis,2023,Female,15–44,Virginia,Norfolk city,51,710,17.1,>4.6
Primary and secondary syphilis,2023,Female,15–44,Virginia,Norton city,51,720,0.0,≤4.6
Primary and secondary syphilis,2023,Female,15–44,Virginia,Petersburg city,51,730,56.3,>4.6
Primary and secondary syphilis,2023,Female,15–44,Virginia,Poquoson city,51,735,0.0,≤4.6
Primary and secondary syphilis,2023,Female,15–44,Virginia,Portsmouth city,51,740,38.7,>4.6
Primary and secondary syphilis,2023,Female,15–44,Virginia,Radford city,51,750,0.0,≤4.6
Primary and secondary syphilis,2023,Female,15–44,Virginia,Richmond city,51,760,48.4,>4.6
Primary and secondary syphilis,2023,Female,15–44,Virginia,Roanoke city,51,770,25.9,>4.6
Primary and secondary syphilis,2023,Female,15–44,Virginia,Salem city,51,775,0.0,≤4.6
Primary and secondary syphilis,2023,Female,15–44,Virginia,Staunton city,51,790,0.0,≤4.6
Primary and secondary syphilis,2023,Female,15–44,Virginia,Suffolk city,51,800,34.9,>4.6
Primary and secondary syphilis,2023,Female,15–44,Virginia,Virginia Beach city,51,810,1.1,≤4.6
Primary and secondary syphilis,2023,Female,15–44,Virginia,Waynesboro city,51,820,44.0,>4.6
Primary and secondary syphilis,2023,Female,15–44,Virginia,Williamsburg city,51,830,40.7,>4.6
Primary and secondary syphilis,2023,Female,15–44,Virginia,Winchester city,51,840,18.1,>4.6
Primary and secondary syphilis,2023,Female,15–44,Washington,Adams County,53,001,50.0,>4.6
Primary and secondary syphilis,2023,Female,15–44,Washington,Asotin County,53,003,0.0,≤4.6
Primary and secondary syphilis,2023,Female,15–44,Washington,Benton County,53,005,28.3,>4.6
Primary and secondary syphilis,2023,Female,15–44,Washington,Chelan County,53,007,49.5,>4.6
Primary and secondary syphilis,2023,Female,15–44,Washington,Clallam County,53,009,9.0,>4.6
Primary and secondary syphilis,2023,Female,15–44,Washington,Clark County,53,011,22.4,>4.6
Primary and secondary syphilis,2023,Female,15–44,Washington,Columbia County,53,013,0.0,≤4.6
Primary and secondary syphilis,2023,Female,15–44,Washington,Cowlitz County,53,015,39.2,>4.6
Primary and secondary syphilis,2023,Female,15–44,Washington,Douglas County,53,017,0.0,≤4.6
Primary and secondary syphilis,2023,Female,15–44,Washington,Ferry County,53,019,0.0,≤4.6
Primary and secondary syphilis,2023,Female,15–44,Washington,Franklin County,53,021,14.4,>4.6
Primary and secondary syphilis,2023,Female,15–44,Washington,Garfield County,53,023,0.0,≤4.6
Primary and secondary syphilis,2023,Female,15–44,Washington,Grant County,53,025,44.9,>4.6
Primary and secondary syphilis,2023,Female,15–44,Washington,Grays Harbor County,53,027,8.1,>4.6
Primary and secondary syphilis,2023,Female,15–44,Washington,Island County,53,029,14.3,>4.6
Primary and secondary syphilis,2023,Female,15–44,Washington,Jefferson County,53,031,25.6,>4.6
Primary and secondary syphilis,2023,Female,15–44,Washington,King County,53,033,22.5,>4.6
Primary and secondary syphilis,2023,Female,15–44,Washington,Kitsap County,53,035,19.9,>4.6
Primary and secondary syphilis,2023,Female,15–44,Washington,Kittitas County,53,037,0.0,≤4.6
Primary and secondary syphilis,2023,Female,15–44,Washington,Klickitat County,53,039,0.0,≤4.6
Primary and secondary syphilis,2023,Female,15–44,Washington,Lewis County,53,041,26.9,>4.6
Primary and secondary syphilis,2023,Female,15–44,Washington,Lincoln County,53,043,0.0,≤4.6
Primary and secondary syphilis,2023,Female,15–44,Washington,Mason County,53,045,0.0,≤4.6
Primary and secondary syphilis,2023,Female,15–44,Washington,Okanogan County,53,047,113.5,>4.6
Primary and secondary syphilis,2023,Female,15–44,Washington,Pacific County,53,049,30.6,>4.6
Primary and secondary syphilis,2023,Female,15–44,Washington,Pend Oreille County,53,051,0.0,≤4.6
Primary and secondary syphilis,2023,Female,15–44,Washington,Pierce County,53,053,49.8,>4.6
Primary and secondary syphilis,2023,Female,15–44,Washington,San Juan County,53,055,40.3,>4.6
Primary and secondary syphilis,2023,Female,15–44,Washington,Skagit County,53,057,17.4,>4.6
Primary and secondary syphilis,2023,Female,15–44,Washington,Skamania County,53,059,0.0,≤4.6
Primary and secondary syphilis,2023,Female,15–44,Washington,Snohomish County,53,061,9.4,>4.6
Primary and secondary syphilis,2023,Female,15–44,Washington,Spokane County,53,063,53.2,>4.6
Primary and secondary syphilis,2023,Female,15–44,Washington,Stevens County,53,065,0.0,≤4.6
Primary and secondary syphilis,2023,Female,15–44,Washington,Thurston County,53,067,16.9,>4.6
Primary and secondary syphilis,2023,Female,15–44,Washington,Wahkiakum County,53,069,0.0,≤4.6
Primary and secondary syphilis,2023,Female,15–44,Washington,Walla Walla County,53,071,0.0,≤4.6
Primary and secondary syphilis,2023,Female,15–44,Washington,Whatcom County,53,073,12.0,>4.6
Primary and secondary syphilis,2023,Female,15–44,Washington,Whitman County,53,075,0.0,≤4.6
Primary and secondary syphilis,2023,Female,15–44,Washington,Yakima County,53,077,99.3,>4.6
Primary and secondary syphilis,2023,Female,15–44,West Virginia,Barbour County,54,001,0.0,≤4.6
Primary and secondary syphilis,2023,Female,15–44,West Virginia,Berkeley County,54,003,11.5,>4.6
Primary and secondary syphilis,2023,Female,15–44,West Virginia,Boone County,54,005,61.9,>4.6
Primary and secondary syphilis,2023,Female,15–44,West Virginia,Braxton County,54,007,108.6,>4.6
Primary and secondary syphilis,2023,Female,15–44,West Virginia,Brooke County,54,009,0.0,≤4.6
Primary and secondary syphilis,2023,Female,15–44,West Virginia,Cabell County,54,011,31.6,>4.6
Primary and secondary syphilis,2023,Female,15–44,West Virginia,Calhoun County,54,013,0.0,≤4.6
Primary and secondary syphilis,2023,Female,15–44,West Virginia,Clay County,54,015,163.7,>4.6
Primary and secondary syphilis,2023,Female,15–44,West Virginia,Doddridge County,54,017,0.0,≤4.6
Primary and secondary syphilis,2023,Female,15–44,West Virginia,Fayette County,54,019,32.8,>4.6
Primary and secondary syphilis,2023,Female,15–44,West Virginia,Gilmer County,54,021,101.5,>4.6
Primary and secondary syphilis,2023,Female,15–44,West Virginia,Grant County,54,023,0.0,≤4.6
Primary and secondary syphilis,2023,Female,15–44,West Virginia,Greenbrier County,54,025,19.2,>4.6
Primary and secondary syphilis,2023,Female,15–44,West Virginia,Hampshire County,54,027,28.4,>4.6
Primary and secondary syphilis,2023,Female,15–44,West Virginia,Hancock County,54,029,0.0,≤4.6
Primary and secondary syphilis,2023,Female,15–44,West Virginia,Hardy County,54,031,0.0,≤4.6
Primary and secondary syphilis,2023,Female,15–44,West Virginia,Harrison County,54,033,8.8,>4.6
Primary and secondary syphilis,2023,Female,15–44,West Virginia,Jackson County,54,035,0.0,≤4.6
Primary and secondary syphilis,2023,Female,15–44,West Virginia,Jefferson County,54,037,9.1,>4.6
Primary and secondary syphilis,2023,Female,15–44,West Virginia,Kanawha County,54,039,67.6,>4.6
Primary and secondary syphilis,2023,Female,15–44,West Virginia,Lewis County,54,041,35.5,>4.6
Primary and secondary syphilis,2023,Female,15–44,West Virginia,Lincoln County,54,043,0.0,≤4.6
Primary and secondary syphilis,2023,Female,15–44,West Virginia,Logan County,54,045,0.0,≤4.6
Primary and secondary syphilis,2023,Female,15–44,West Virginia,McDowell County,54,047,0.0,≤4.6
Primary and secondary syphilis,2023,Female,15–44,West Virginia,Marion County,54,049,37.5,>4.6
Primary and secondary syphilis,2023,Female,15–44,West Virginia,Marshall County,54,051,0.0,≤4.6
Primary and secondary syphilis,2023,Female,15–44,West Virginia,Mason County,54,053,22.6,>4.6
Primary and secondary syphilis,2023,Female,15–44,West Virginia,Mercer County,54,055,9.9,>4.6
Primary and secondary syphilis,2023,Female,15–44,West Virginia,Mineral County,54,057,0.0,≤4.6
Primary and secondary syphilis,2023,Female,15–44,West Virginia,Mingo County,54,059,27.5,>4.6
Primary and secondary syphilis,2023,Female,15–44,West Virginia,Monongalia County,54,061,7.5,>4.6
Primary and secondary syphilis,2023,Female,15–44,West Virginia,Monroe County,54,063,53.4,>4.6
Primary and secondary syphilis,2023,Female,15–44,West Virginia,Morgan County,54,065,0.0,≤4.6
Primary and secondary syphilis,2023,Female,15–44,West Virginia,Nicholas County,54,067,25.9,>4.6
Primary and secondary syphilis,2023,Female,15–44,West Virginia,Ohio County,54,069,0.0,≤4.6
Primary and secondary syphilis,2023,Female,15–44,West Virginia,Pendleton County,54,071,0.0,≤4.6
Primary and secondary syphilis,2023,Female,15–44,West Virginia,Pleasants County,54,073,0.0,≤4.6
Primary and secondary syphilis,2023,Female,15–44,West Virginia,Pocahontas County,54,075,0.0,≤4.6
Primary and secondary syphilis,2023,Female,15–44,West Virginia,Preston County,54,077,0.0,≤4.6
Primary and secondary syphilis,2023,Female,15–44,West Virginia,Putnam County,54,079,20.0,>4.6
Primary and secondary syphilis,2023,Female,15–44,West Virginia,Raleigh County,54,081,82.0,>4.6
Primary and secondary syphilis,2023,Female,15–44,West Virginia,Randolph County,54,083,0.0,≤4.6
Primary and secondary syphilis,2023,Female,15–44,West Virginia,Ritchie County,54,085,0.0,≤4.6
Primary and secondary syphilis,2023,Female,15–44,West Virginia,Roane County,54,087,0.0,≤4.6
Primary and secondary syphilis,2023,Female,15–44,West Virginia,Summers County,54,089,0.0,≤4.6
Primary and secondary syphilis,2023,Female,15–44,West Virginia,Taylor County,54,091,0.0,≤4.6
Primary and secondary syphilis,2023,Female,15–44,West Virginia,Tucker County,54,093,0.0,≤4.6
Primary and secondary syphilis,2023,Female,15–44,West Virginia,Tyler County,54,095,83.6,>4.6
Primary and secondary syphilis,2023,Female,15–44,West Virginia,Upshur County,54,097,0.0,≤4.6
Primary and secondary syphilis,2023,Female,15–44,West Virginia,Wayne County,54,099,15.7,>4.6
Primary and secondary syphilis,2023,Female,15–44,West Virginia,Webster County,54,101,0.0,≤4.6
Primary and secondary syphilis,2023,Female,15–44,West Virginia,Wetzel County,54,103,45.5,>4.6
Primary and secondary syphilis,2023,Female,15–44,West Virginia,Wirt County,54,105,0.0,≤4.6
Primary and secondary syphilis,2023,Female,15–44,West Virginia,Wood County,54,107,63.5,>4.6
Primary and secondary syphilis,2023,Female,15–44,West Virginia,Wyoming County,54,109,30.7,>4.6
Primary and secondary syphilis,2023,Female,15–44,Wisconsin,Adams County,55,001,0.0,≤4.6
Primary and secondary syphilis,2023,Female,15–44,Wisconsin,Ashland County,55,003,0.0,≤4.6
Primary and secondary syphilis,2023,Female,15–44,Wisconsin,Barron County,55,005,26.6,>4.6
Primary and secondary syphilis,2023,Female,15–44,Wisconsin,Bayfield County,55,007,0.0,≤4.6
Primary and secondary syphilis,2023,Female,15–44,Wisconsin,Brown County,55,009,3.7,≤4.6
Primary and secondary syphilis,2023,Female,15–44,Wisconsin,Buffalo County,55,011,0.0,≤4.6
Primary and secondary syphilis,2023,Female,15–44,Wisconsin,Burnett County,55,013,94.7,>4.6
Primary and secondary syphilis,2023,Female,15–44,Wisconsin,Calumet County,55,015,0.0,≤4.6
Primary and secondary syphilis,2023,Female,15–44,Wisconsin,Chippewa County,55,017,0.0,≤4.6
Primary and secondary syphilis,2023,Female,15–44,Wisconsin,Clark County,55,019,0.0,≤4.6
Primary and secondary syphilis,2023,Female,15–44,Wisconsin,Columbia County,55,021,10.1,>4.6
Primary and secondary syphilis,2023,Female,15–44,Wisconsin,Crawford County,55,023,0.0,≤4.6
Primary and secondary syphilis,2023,Female,15–44,Wisconsin,Dane County,55,025,1.5,≤4.6
Primary and secondary syphilis,2023,Female,15–44,Wisconsin,Dodge County,55,027,6.9,>4.6
Primary and secondary syphilis,2023,Female,15–44,Wisconsin,Door County,55,029,0.0,≤4.6
Primary and secondary syphilis,2023,Female,15–44,Wisconsin,Douglas County,55,031,0.0,≤4.6
Primary and secondary syphilis,2023,Female,15–44,Wisconsin,Dunn County,55,033,0.0,≤4.6
Primary and secondary syphilis,2023,Female,15–44,Wisconsin,Eau Claire County,55,035,0.0,≤4.6
Primary and secondary syphilis,2023,Female,15–44,Wisconsin,Florence County,55,037,0.0,≤4.6
Primary and secondary syphilis,2023,Female,15–44,Wisconsin,Fond du Lac County,55,039,10.5,>4.6
Primary and secondary syphilis,2023,Female,15–44,Wisconsin,Forest County,55,041,0.0,≤4.6
Primary and secondary syphilis,2023,Female,15–44,Wisconsin,Grant County,55,043,0.0,≤4.6
Primary and secondary syphilis,2023,Female,15–44,Wisconsin,Green County,55,045,0.0,≤4.6
Primary and secondary syphilis,2023,Female,15–44,Wisconsin,Green Lake County,55,047,0.0,≤4.6
Primary and secondary syphilis,2023,Female,15–44,Wisconsin,Iowa County,55,049,0.0,≤4.6
Primary and secondary syphilis,2023,Female,15–44,Wisconsin,Iron County,55,051,0.0,≤4.6
Primary and secondary syphilis,2023,Female,15–44,Wisconsin,Jackson County,55,053,0.0,≤4.6
Primary and secondary syphilis,2023,Female,15–44,Wisconsin,Jefferson County,55,055,6.2,>4.6
Primary and secondary syphilis,2023,Female,15–44,Wisconsin,Juneau County,55,057,0.0,≤4.6
Primary and secondary syphilis,2023,Female,15–44,Wisconsin,Kenosha County,55,059,9.1,>4.6
Primary and secondary syphilis,2023,Female,15–44,Wisconsin,Kewaunee County,55,061,0.0,≤4.6
Primary and secondary syphilis,2023,Female,15–44,Wisconsin,La Crosse County,55,063,0.0,≤4.6
Primary and secondary syphilis,2023,Female,15–44,Wisconsin,Lafayette County,55,065,0.0,≤4.6
Primary and secondary syphilis,2023,Female,15–44,Wisconsin,Langlade County,55,067,0.0,≤4.6
Primary and secondary syphilis,2023,Female,15–44,Wisconsin,Lincoln County,55,069,0.0,≤4.6
Primary and secondary syphilis,2023,Female,15–44,Wisconsin,Manitowoc County,55,071,15.2,>4.6
Primary and secondary syphilis,2023,Female,15–44,Wisconsin,Marathon County,55,073,8.2,>4.6
Primary and secondary syphilis,2023,Female,15–44,Wisconsin,Marinette County,55,075,0.0,≤4.6
Primary and secondary syphilis,2023,Female,15–44,Wisconsin,Marquette County,55,077,0.0,≤4.6
Primary and secondary syphilis,2023,Female,15–44,Wisconsin,Menominee County,55,078,134.2,>4.6
Primary and secondary syphilis,2023,Female,15–44,Wisconsin,Milwaukee County,55,079,39.3,>4.6
Primary and secondary syphilis,2023,Female,15–44,Wisconsin,Monroe County,55,081,0.0,≤4.6
Primary and secondary syphilis,2023,Female,15–44,Wisconsin,Oconto County,55,083,0.0,≤4.6
Primary and secondary syphilis,2023,Female,15–44,Wisconsin,Oneida County,55,085,0.0,≤4.6
Primary and secondary syphilis,2023,Female,15–44,Wisconsin,Outagamie County,55,087,2.7,≤4.6
Primary and secondary syphilis,2023,Female,15–44,Wisconsin,Ozaukee County,55,089,0.0,≤4.6
Primary and secondary syphilis,2023,Female,15–44,Wisconsin,Pepin County,55,091,0.0,≤4.6
Primary and secondary syphilis,2023,Female,15–44,Wisconsin,Pierce County,55,093,0.0,≤4.6
Primary and secondary syphilis,2023,Female,15–44,Wisconsin,Polk County,55,095,0.0,≤4.6
Primary and secondary syphilis,2023,Female,15–44,Wisconsin,Portage County,55,097,0.0,≤4.6
Primary and secondary syphilis,2023,Female,15–44,Wisconsin,Price County,55,099,0.0,≤4.6
Primary and secondary syphilis,2023,Female,15–44,Wisconsin,Racine County,55,101,28.0,>4.6
Primary and secondary syphilis,2023,Female,15–44,Wisconsin,Richland County,55,103,0.0,≤4.6
Primary and secondary syphilis,2023,Female,15–44,Wisconsin,Rock County,55,105,0.0,≤4.6
Primary and secondary syphilis,2023,Female,15–44,Wisconsin,Rusk County,55,107,0.0,≤4.6
Primary and secondary syphilis,2023,Female,15–44,Wisconsin,St. Croix County,55,109,0.0,≤4.6
Primary and secondary syphilis,2023,Female,15–44,Wisconsin,Sauk County,55,111,0.0,≤4.6
Primary and secondary syphilis,2023,Female,15–44,Wisconsin,Sawyer County,55,113,0.0,≤4.6
Primary and secondary syphilis,2023,Female,15–44,Wisconsin,Shawano County,55,115,0.0,≤4.6
Primary and secondary syphilis,2023,Female,15–44,Wisconsin,Sheboygan County,55,117,14.7,>4.6
Primary and secondary syphilis,2023,Female,15–44,Wisconsin,Taylor County,55,119,0.0,≤4.6
Primary and secondary syphilis,2023,Female,15–44,Wisconsin,Trempealeau County,55,121,0.0,≤4.6
Primary and secondary syphilis,2023,Female,15–44,Wisconsin,Vernon County,55,123,0.0,≤4.6
Primary and secondary syphilis,2023,Female,15–44,Wisconsin,Vilas County,55,125,0.0,≤4.6
Primary and secondary syphilis,2023,Female,15–44,Wisconsin,Walworth County,55,127,0.0,≤4.6
Primary and secondary syphilis,2023,Female,15–44,Wisconsin,Washburn County,55,129,0.0,≤4.6
Primary and secondary syphilis,2023,Female,15–44,Wisconsin,Washington County,55,131,0.0,≤4.6
Primary and secondary syphilis,2023,Female,15–44,Wisconsin,Waukesha County,55,133,2.8,≤4.6
Primary and secondary syphilis,2023,Female,15–44,Wisconsin,Waupaca County,55,135,0.0,≤4.6
Primary and secondary syphilis,2023,Female,15–44,Wisconsin,Waushara County,55,137,0.0,≤4.6
Primary and secondary syphilis,2023,Female,15–44,Wisconsin,Winnebago County,55,139,3.0,≤4.6
Primary and secondary syphilis,2023,Female,15–44,Wisconsin,Wood County,55,141,0.0,≤4.6
Primary and secondary syphilis,2023,Female,15–44,Wyoming,Albany County,56,001,0.0,≤4.6
Primary and secondary syphilis,2023,Female,15–44,Wyoming,Big Horn County,56,003,0.0,≤4.6
Primary and secondary syphilis,2023,Female,15–44,Wyoming,Campbell County,56,005,0.0,≤4.6
Primary and secondary syphilis,2023,Female,15–44,Wyoming,Carbon County,56,007,0.0,≤4.6
Primary and secondary syphilis,2023,Female,15–44,Wyoming,Converse County,56,009,0.0,≤4.6
Primary and secondary syphilis,2023,Female,15–44,Wyoming,Crook County,56,011,89.9,>4.6
Primary and secondary syphilis,2023,Female,15–44,Wyoming,Fremont County,56,013,0.0,≤4.6
Primary and secondary syphilis,2023,Female,15–44,Wyoming,Goshen County,56,015,0.0,≤4.6
Primary and secondary syphilis,2023,Female,15–44,Wyoming,Hot Springs County,56,017,147.5,>4.6
Primary and secondary syphilis,2023,Female,15–44,Wyoming,Johnson County,56,019,0.0,≤4.6
Primary and secondary syphilis,2023,Female,15–44,Wyoming,Laramie County,56,021,0.0,≤4.6
Primary and secondary syphilis,2023,Female,15–44,Wyoming,Lincoln County,56,023,0.0,≤4.6
Primary and secondary syphilis,2023,Female,15–44,Wyoming,Natrona County,56,025,0.0,≤4.6
Primary and secondary syphilis,2023,Female,15–44,Wyoming,Niobrara County,56,027,0.0,≤4.6
Primary and secondary syphilis,2023,Female,15–44,Wyoming,Park County,56,029,0.0,≤4.6
Primary and secondary syphilis,2023,Female,15–44,Wyoming,Platte County,56,031,0.0,≤4.6
Primary and secondary syphilis,2023,Female,15–44,Wyoming,Sheridan County,56,033,0.0,≤4.6
Primary and secondary syphilis,2023,Female,15–44,Wyoming,Sublette County,56,035,0.0,≤4.6
Primary and secondary syphilis,2023,Female,15–44,Wyoming,Sweetwater County,56,037,0.0,≤4.6
Primary and secondary syphilis,2023,Female,15–44,Wyoming,Teton County,56,039,0.0,≤4.6
Primary and secondary syphilis,2023,Female,15–44,Wyoming,Uinta County,56,041,0.0,≤4.6
Primary and secondary syphilis,2023,Female,15–44,Wyoming,Washakie County,56,043,0.0,≤4.6
Primary and secondary syphilis,2023,Female,15–44,Wyoming,Weston County,56,045,0.0,≤4.6